Neighborhood,FSQ_ID,Name,Address,Locality,Region,Country,Latitude,Longitude,Category,Rating,Total Ratings,Total Photos,Total Tips,Popularity Score,Verified,Website,Telephone,Price Tier,Hours,Popular Hours,Menu,Social Media,Description,Photo URL,User Tip,Timezone
Al ‘Aqiq,55d8437d498edb8dc6a916e7,Riyadh Park Mall (ﻝﻮﻣ ﻙﺭﺎﺑ ﺽﺎﻳﺭ),"13512 ﺽﺎﻳﺮﻟﺍ ,(Alamir) ﻲﻟﺎﻤﺸﻟﺍ ﻱﺮﺋﺍﺪﻟﺍ ﻖﻳﺮﻄﻟﺍ ﻉﺮﻓ",ﺽﺎﻳﺮﻟﺍ,‎ﺽﺎﻳﺮﻟﺍ ﺔﻘﻄﻨﻣ,SA,24.756258,46.630035,Shopping Mall,9.3,10561,53602,1063,0.9999626647418268,False,https://riyadh-park.com,9200 09467,,Mon-Thu 9:00-24:00; Fri 13:30-24:00; Sat-Sun 9:00-24:00,Day 1: 1600 - +0000; Day 2: 1600 - +0000; Day 3: 1600 - +0000; Day 4: 1200 - +0100; Day 5: 1400 - +0100; Day 6: 1300 - +0000; Day 7: 1600 - +0000,,"{'facebook_id': '101532151607975', 'instagram': 'riyadh_park', 'twitter': 'riyadhpark_mall'}",,,,Asia/Riyadh
Al ‘Aqiq,59eb3e22286fda03b5c4627a,VOX Cinemas (ﺎﻤﻨﻴﺳ ﺲﻛﻭﭬ),"Northern Ring Branch Rd (Princ Muhammed Ibn Saad St.), 13511 ﺽﺎﻳﺮﻟﺍ",ﺽﺎﻳﺮﻟﺍ,‎ﺽﺎﻳﺮﻟﺍ ﺔﻘﻄﻨﻣ,SA,24.757772,46.629347,Movie Theater,9.2,3940,20286,381,0.9996835392402452,False,https://ksa.voxcinemas.com,,,Fri 5:30-24:00; Sat 0:00-3:15,Day 1: 1900 - +0200; Day 2: 1900 - +0200; Day 3: 1800 - +0200; Day 4: 1900 - +0300; Day 5: 1500 - +0300; Day 6: 1500 - +0200; Day 7: 1900 - +0200,,"{'facebook_id': '149531689094703', 'instagram': 'voxcinemasksa', 'twitter': 'vox_cinemas_ksa'}",,,,Asia/Riyadh
Al ‘Aqiq,54ef5b52498e08a96c0bd30f,Al Makan Mall (ﻝﻮﻣ ﻥﺎﻜﻤﻟﺍ),"Prince Muhammad Bin Abdulaziz Rd (Prince Muhammad Bin Abdulaziz Rd), 13521 ﺽﺎﻳﺮﻟﺍ",ﺽﺎﻳﺮﻟﺍ,‎ﺽﺎﻳﺮﻟﺍ ﺔﻘﻄﻨﻣ,SA,24.791533,46.611446,Shopping Mall,8.4,1491,1353,118,0.999109287412151,False,http://www.wabelalarabia.com,,,,Day 1: 1600 - +0000; Day 2: 1600 - 2300; Day 3: 1700 - +0000; Day 4: 1600 - +0000; Day 5: 1600 - +0100; Day 6: 1500 - +0000; Day 7: 1700 - +0000,,{},,,,Asia/Riyadh
Al ‘Aqiq,5f11856ddc9b9934e1fd8961,AMC Cinemas (ﺎﻤﻨﻴﺳ ﻲﺳ ﻡﺍ ﻱﺍ),"13521 ﺽﺎﻳﺮﻟﺍ ,ﻝﻮﻣ ﻥﺎﻜﻤﻟﺍ",ﺽﺎﻳﺮﻟﺍ,‎ﺽﺎﻳﺮﻟﺍ ﺔﻘﻄﻨﻣ,SA,24.790662,46.612272,Movie Theater,9.1,685,14129,79,0.9988070496078908,False,http://www.amccinemas.com,,,,,,"{'facebook_id': '287560452086', 'instagram': 'amc_cinemas_sa'}",,,,Asia/Riyadh
Al ‘Aqiq,5ae7496861f070002c438de6,VOX Cinema Kids,"Northern Ring Branch Rd, ﺽﺎﻳﺮﻟﺍ",ﺽﺎﻳﺮﻟﺍ,‎ﺽﺎﻳﺮﻟﺍ ﺔﻘﻄﻨﻣ,SA,24.757953,46.629599,Movie Theater,9.3,230,1154,14,0.9972460802423592,False,,,,,Day 1: 1800 - +0200; Day 2: 2000 - +0200; Day 3: 2000 - +0300; Day 4: 1900 - +0400; Day 5: 1600 - +0400; Day 6: 1400 - +0200; Day 7: 2000 - +0200,,{},,,,Asia/Riyadh
Al ‘Aqiq,63903b72b049ed7401b49254,I Mall,12384 ﺽﺎﻳﺮﻟﺍ,ﺽﺎﻳﺮﻟﺍ,‎ﺽﺎﻳﺮﻟﺍ ﺔﻘﻄﻨﻣ,SA,24.752829,46.628762,Shopping Mall,,0,0,0,0.9685939363984988,False,,,,,,,{},,,,Asia/Riyadh
Al ‘Aqiq,58c15f3a76b8b25cb5ab53fb,Al Nakheel Mall Riyadh,,,,SA,24.747694,46.623192,Shopping Mall,,0,0,0,0.9681423575615454,False,,,,,,,{},,,,Asia/Riyadh
Al ‘Aqiq,604e0c2cd43c2864c999a212,Amc Cinema King Abdullah Financial Center,13711 ﺽﺎﻳﺮﻟﺍ,ﺽﺎﻳﺮﻟﺍ,‎ﺽﺎﻳﺮﻟﺍ ﺔﻘﻄﻨﻣ,SA,24.734538,46.586749,Movie Theater,8.5,13,124,3,0.9514357184637074,False,,,,,,,{},,,,Asia/Riyadh
Al ‘Aqiq,5d59a1b6a2bcd8000768bda6,Roomours - Riyadh Park Mall,"Roomours - Riyadh Park Mall (Riyadh Park Mall), 13511 ﺽﺎﻳﺮﻟﺍ",ﺽﺎﻳﺮﻟﺍ,‎ﺽﺎﻳﺮﻟﺍ ﺔﻘﻄﻨﻣ,SA,24.756394,46.630688,Furniture and Home Store,7.9,10,68,1,0.9446655916482806,False,,,,,,,{},,,,Asia/Riyadh
Al ‘Aqiq,618175ff3e3b9f28b54e9559,Muvi Cinemas,"13516 ﺽﺎﻳﺮﻟﺍ ,ﺩﺭﺎﻔﻴﻟﻮﺒﻟﺍ",ﺽﺎﻳﺮﻟﺍ,‎ﺽﺎﻳﺮﻟﺍ ﺔﻘﻄﻨﻣ,SA,24.764411,46.604339,Movie Theater,7.7,43,1325,7,0.920952369099918,False,,,,Open Daily 0:00-2:00,Day 1: 1900 - +0300; Day 2: 1900 - +0300; Day 3: 1900 - +0200; Day 4: 1900 - +0400; Day 5: 1900 - +0400; Day 6: 1800 - +0200; Day 7: 1900 - +0200,,{},,,,Asia/Riyadh
Al ‘Aqiq,5308ea4a498e643a87a03e7a,Alghaith's Cinema,,,,SA,24.743348,46.590028,,,0,0,0,0.9169130497394532,False,,,,,,,{},,,,Asia/Riyadh
Al ‘Aqiq,5d853eec85aecf0008a9bf2e,"Riyadh Park Mall: Address, Phone Number","Northern Ring Branch Rd, 13511 ﺽﺎﻳﺮﻟﺍ",ﺽﺎﻳﺮﻟﺍ,‎ﺽﺎﻳﺮﻟﺍ ﺔﻘﻄﻨﻣ,SA,24.755949,46.630024,Real Estate Development and Title Company,7.1,8,15,0,0.8754851361225734,False,,,,,,,{},,,,Asia/Riyadh
Al ‘Aqiq,5e62a7d53703e000083b7b02,Sugar Daddy Mall,13511 ﺽﺎﻳﺮﻟﺍ,ﺽﺎﻳﺮﻟﺍ,‎ﺽﺎﻳﺮﻟﺍ ﺔﻘﻄﻨﻣ,SA,24.756113,46.62979,Shopping Mall,,0,0,0,0.7604854294710305,False,,,,,,,{},,,,Asia/Riyadh
Al ‘Aqiq,594704ce42d8c242702acd62,Alabia Mall (ﺔﻴﺒﻌﻟﺍ ﻕﻮﺳ),"Ad-Dirayah, 13712 ﺽﺎﻳﺮﻟﺍ",ﺽﺎﻳﺮﻟﺍ,‎ﺽﺎﻳﺮﻟﺍ ﺔﻘﻄﻨﻣ,SA,24.742586,46.56806,Shopping Mall,7.4,89,113,7,0.6257407048541169,False,,,,,Day 1: 1800 - +0000; Day 2: 1700 - +0000; Day 3: 1600 - +0000; Day 4: 1700 - +0100; Day 5: 1600 - +0000; Day 6: 1600 - +0100; Day 7: 1700 - +0000,,{},,,,Asia/Riyadh
Al ‘Aqiq,5bbf2d94123a19002c212cb4,Let’s Popcorn Riyadh Park Mall,ﺽﺎﻳﺮﻟﺍ,ﺽﺎﻳﺮﻟﺍ,‎ﺽﺎﻳﺮﻟﺍ ﺔﻘﻄﻨﻣ,SA,24.75682,46.630312,Snack Place,6.8,8,13,5,0.5356685055762875,False,,,1.0,,,,{},,,,Asia/Riyadh
Al ‘Aqiq,55b07659498e84de2c154fe1,Amr Cinema,"Hiteen, ﺽﺎﻳﺮﻟﺍ",ﺽﺎﻳﺮﻟﺍ,‎ﺽﺎﻳﺮﻟﺍ ﺔﻘﻄﻨﻣ,SA,24.775344,46.581327,Movie Theater,,0,0,0,0.461149108131797,False,,,,,,,{},,,,Asia/Riyadh
Al ‘Aqiq,531a11ba498ef3f61c8faefb,Fozan's cinema room,,,,SA,24.736161,46.613056,Movie Theater,,0,0,0,0.3790186516282617,False,,,,,,,{},,,,Asia/Riyadh
Al ‘Aqiq,640e19fcd35e4c4aa728ce5c,Gissah - Riyadh Park Mall,"Riyadh Park Mall (Riyadh Park Mall), ﺽﺎﻳﺮﻟﺍ",ﺽﺎﻳﺮﻟﺍ,‎ﺽﺎﻳﺮﻟﺍ ﺔﻘﻄﻨﻣ,SA,24.757039,46.628613,Shopping Mall,,0,0,0,0.2276472920381673,False,,,,,,,{},,,,Asia/Riyadh
Al ‘Aqiq,3dc685dfb274491b12e886fa,Sahara Mall,"King Abdulaziz Rd, ﺽﺎﻳﺮﻟﺍ",ﺽﺎﻳﺮﻟﺍ,ﺽﺎﻳﺮﻟﺍ,SA,24.754464,46.584244,Shopping Mall,,0,0,0,,False,http://www.saharamall.com.sa,011 452 0525,,Mon-Tue 9:00-12:00; Wed 16:00-23:00; Thu 9:00-23:00; Fri 16:00-23:00; Sat-Sun 9:00-12:00,,,{},,,,
Al ‘Aqiq,6d4323f8496e46e022095a80,Vox Cinemas,"Riyadh Park Mall, 2886 Northern Ring Road Al Aqiq Dist, 13511 ﺽﺎﻳﺮﻟﺍ",ﺽﺎﻳﺮﻟﺍ,ﺽﺎﻳﺮﻟﺍ,SA,24.740082,46.599507,,,0,0,0,,False,,,,,,,{},,,,
Qurtubah,528ccd02498ee92d75213027,Al Hamra Mall (ﻝﻮﻣ ﺀﺍﺮﻤﺤﻟﺍ),"13215 ﺽﺎﻳﺮﻟﺍ ,ﷲﺪﺒﻋ ﻚﻠﻤﻟﺍ ﻖﻳﺮﻃ",ﺽﺎﻳﺮﻟﺍ,‎ﺽﺎﻳﺮﻟﺍ ﺔﻘﻄﻨﻣ,SA,24.774122,46.776358,Shopping Mall,9.1,2804,5976,242,0.999685317109682,True,http://alhamraamall.com,9200 00262,,"Mon-Thu 0:00-1:00, 9:00-24:00; Fri 0:00-23:00; Sat 9:00-24:00; Sun 0:00-1:00, 9:00-24:00",Day 1: 1600 - +0000; Day 2: 1600 - +0000; Day 3: 1600 - +0000; Day 4: 1600 - +0000; Day 5: 1500 - +0000; Day 6: 1500 - +0000; Day 7: 1600 - 2300,,{'twitter': 'alhamraamall'},,,,Asia/Riyadh
Qurtubah,5ab7b7d61953f32d125a0b54,Atyaf Mall (ﻝﻮﻣ ﻑﺎﻴﻃﺃ),"Imam Abdullah Bin Saud Ibn Abdulaziz Rd (at Al Shaikh Hasan Bin Hussain Bin Ali Rd), ﺽﺎﻳﺮﻟﺍ",ﺽﺎﻳﺮﻟﺍ,‎ﺽﺎﻳﺮﻟﺍ ﺔﻘﻄﻨﻣ,SA,24.792663,46.767807,Shopping Mall,8.2,178,539,26,0.9987483799164756,False,,054 999 0715,,,Day 1: 1700 - +0000; Day 2: 1700 - +0000; Day 3: 1700 - +0000; Day 4: 1700 - +0100; Day 5: 1600 - +0100; Day 6: 1600 - +0000; Day 7: 1800 - +0000,,{'twitter': 'atyaf_mall'},,,,Asia/Riyadh
Qurtubah,5d17978daa7be7002a68a919,Muvi Cinemas (ﺎﻤﻨﻴﺳ ﻲﭬﻮﻣ),"Al Hamra Mall, 13215 ﺽﺎﻳﺮﻟﺍ",ﺽﺎﻳﺮﻟﺍ,‎ﺽﺎﻳﺮﻟﺍ ﺔﻘﻄﻨﻣ,SA,24.774025,46.776265,Movie Theater,9.2,427,4958,59,0.9984479199816524,False,https://www.muvicinemas.com,,,,Day 1: 1900 - +0200; Day 2: 2000 - +0100; Day 3: 1800 - +0200; Day 4: 1800 - +0400; Day 5: 1700 - +0400; Day 6: 1700 - +0200; Day 7: 1900 - +0100,,"{'instagram': 'muvi_cinemas', 'twitter': 'muvicinemas'}",,,,Asia/Riyadh
Qurtubah,5b203a687cd14c00447560fb,VOX Cinemas (ﺎﻤﻨﻴﺳ ﺲﻛﻮﭬ),ﺽﺎﻳﺮﻟﺍ,ﺽﺎﻳﺮﻟﺍ,‎ﺽﺎﻳﺮﻟﺍ ﺔﻘﻄﻨﻣ,SA,24.792348,46.768209,Movie Theater,9.0,323,3520,30,0.9973883097973052,False,,,,Open Daily 0:00-24:00,Day 1: 2000 - +0200; Day 2: 1900 - +0200; Day 3: 1900 - +0300; Day 4: 1900 - +0400; Day 5: 1700 - +0400; Day 6: 1800 - +0300; Day 7: 2000 - +0200,,{'twitter': 'vox_cinemas_ksa'},,,,Asia/Riyadh
Qurtubah,5f6e1d650f7bc260302e9ec3,VOX Cinemas,13252 ﺽﺎﻳﺮﻟﺍ,ﺽﺎﻳﺮﻟﺍ,‎ﺽﺎﻳﺮﻟﺍ ﺔﻘﻄﻨﻣ,SA,24.818241,46.802775,Movie Theater,8.8,72,1852,14,0.996083353630676,False,,,,,,,{},,,,Asia/Riyadh
Qurtubah,5b105f89088158002c040d6b,Alrabia Mall,"Al Munsiyah (Al Sahaba Rd), 13246 ﺽﺎﻳﺮﻟﺍ",ﺽﺎﻳﺮﻟﺍ,‎ﺽﺎﻳﺮﻟﺍ ﺔﻘﻄﻨﻣ,SA,24.816901,46.774529,Discount Store,5.4,16,9,2,0.9830657936142484,False,,,,,,,{},,,,Asia/Riyadh
Qurtubah,4bce1403b6c49c74f0819691,Othaim Mall (ﻢﻴﺜﻌﻟﺍ ﻕﺍﻮﺳﺃ),ﺽﺎﻳﺮﻟﺍ,ﺽﺎﻳﺮﻟﺍ,ﺽﺎﻳﺮﻟﺍ,SA,24.769276,46.76402,Grocery Store,6.5,149,55,14,0.9743702341987408,False,http://www.panda.com.sa,011 493 3294,,Open Daily 00:00-23:59,Day 1: 1300 - +0200; Day 2: 1300 - 1400; Day 2: 1700 - +0000; Day 3: 1600 - 1700; Day 3: 1900 - 2300; Day 4: 0100 - +0200; Day 5: 1300 - 1400; Day 5: 1700 - 2300; Day 6: 1600 - +0100; Day 7: 1700 - +0100,,{},,,,Asia/Riyadh
Qurtubah,56e33405498e39e8c91a3fc8,Bader's Cinema,,,,SA,24.799119,46.795486,Movie Theater,,0,0,0,0.9243712120269312,False,,,,,,,{},,,,Asia/Riyadh
Qurtubah,5be31eb8da7080002cd04f0e,Tous C.C. Al Hamra Mall - Riyadh,"Al hamra mall, king faisal, 13215 ﺽﺎﻳﺮﻟﺍ",ﺽﺎﻳﺮﻟﺍ,‎ﺽﺎﻳﺮﻟﺍ ﺔﻘﻄﻨﻣ,SA,24.774245,46.776321,Jewelry Store,,0,0,0,0.9097482359090512,True,https://www.tous.com/sa-ar,9200 24144,,Mon-Thu 9:30-23:00; Fri 13:30-23:00; Sat-Sun 9:30-23:00,,,{},"Tres generaciones y más de 100 años de oficio y esfuerzo avalan la trayectoria de TOUS, una firma de joyería y accesorios que refleja ternura, diversión y juventud de espíritu en cada uno de sus artículos y cuyos orígenes se remontan a 1920.",,,Asia/Riyadh
Qurtubah,580268e4d67cb693d0998d69,Al Hamra Mall Foodcourt (ﻝﻮﻣ ﺀﺍﺮﻤﺤﻟﺍ ﻢﻋﺎﻄﻤﻟﺍ ﻢﺴﻗ),ﺽﺎﻳﺮﻟﺍ,ﺽﺎﻳﺮﻟﺍ,‎ﺽﺎﻳﺮﻟﺍ ﺔﻘﻄﻨﻣ,SA,24.775091,46.775881,Food Court,7.4,30,38,5,0.8752575688346599,False,,,,,Day 1: 1300 - 1600; Day 1: 1800 - +0000; Day 2: 1400 - +0000; Day 3: 1400 - 1500; Day 3: 1700 - +0000; Day 4: 1100 - 1200; Day 4: 1400 - +0000; Day 5: 1500 - +0000; Day 6: 1200 - +0000; Day 7: 1400 - 1600; Day 7: 1800 - 1900; Day 7: 2100 - +0000,,{},,,,Asia/Riyadh
Qurtubah,61324739eea46650569acb9e,Mobily| Atyaf Mall,13243 ﺽﺎﻳﺮﻟﺍ,ﺽﺎﻳﺮﻟﺍ,‎ﺽﺎﻳﺮﻟﺍ ﺔﻘﻄﻨﻣ,SA,24.792597,46.767588,Mobile Phone Store,,0,0,0,0.5240376837205829,False,,,,,,,{},,,,Asia/Riyadh
Qurtubah,595693698173cb5b6f4a2aa0,Baby Fitaihi Al Hamra Mall,ﺽﺎﻳﺮﻟﺍ,ﺽﺎﻳﺮﻟﺍ,‎ﺽﺎﻳﺮﻟﺍ ﺔﻘﻄﻨﻣ,SA,24.774095,46.776489,Baby Store,,0,0,0,0.5092155862257788,False,,,,,,,{},,,,Asia/Riyadh
Qurtubah,62c228cd44f03318d43598f3,Hayat Mall,13246 ﺽﺎﻳﺮﻟﺍ,ﺽﺎﻳﺮﻟﺍ,‎ﺽﺎﻳﺮﻟﺍ ﺔﻘﻄﻨﻣ,SA,24.820129,46.756927,Shopping Mall,,0,0,0,0.4941392534015087,False,,,,,,,{},,,,Asia/Riyadh
Qurtubah,5c8bc49d67e5f2002ca10be7,Amaperfume | Alhamra Mall,13215 ﺽﺎﻳﺮﻟﺍ,ﺽﺎﻳﺮﻟﺍ,‎ﺽﺎﻳﺮﻟﺍ ﺔﻘﻄﻨﻣ,SA,24.774736,46.776479,Perfume Store,,0,0,0,0.4749542643087377,False,,,,,,,{},,,,Asia/Riyadh
Qurtubah,7f2750df11e64f882a32d342,Stradivarius RIY-AL HAMRA MALL,"Centro comercial al hamra mall, ash shainkh hasan ibn hussain ibn ali king faisal, 13215 ﺽﺎﻳﺮﻟﺍ",ﺽﺎﻳﺮﻟﺍ,‎ﺽﺎﻳﺮﻟﺍ ﺔﻘﻄﻨﻣ,SA,24.774259,46.776255,,,0,0,0,0.2148661886568374,False,https://www.stradivarius.com,,,,,,{},,,,Asia/Riyadh
Qurtubah,d048908b30b74fdc91ea4607,Al Hamra Mall,"Ash shainkh hasan ibn hussain ibn ali king faisal, 13215 ﺽﺎﻳﺮﻟﺍ",ﺽﺎﻳﺮﻟﺍ,ﺽﺎﻳﺮﻟﺍ,SA,24.774337,46.776722,,,0,0,0,,False,https://www.pullandbear.com,,,Open Daily 9:00-16:30,,,{},,,,
Qurtubah,c5952699062e49abf350a8d0,Riy-al hamra mall,"Ash shainkh hasan ibn hussain ibn ali king faisal, 13215 ﺽﺎﻳﺮﻟﺍ",ﺽﺎﻳﺮﻟﺍ,ﺽﺎﻳﺮﻟﺍ,SA,24.773758,46.776713,,,0,0,0,,False,http://oysho.com,,,,,,{},,,,
Qurtubah,776b06247d4d43f6ea298ac5,Riy-al hamra mall,"3527 King Abdullah Rd, 13215 ﺽﺎﻳﺮﻟﺍ",ﺽﺎﻳﺮﻟﺍ,ﺽﺎﻳﺮﻟﺍ,SA,24.774088,46.773976,,,0,0,0,,False,http://massimodutti.com,,,Mon-Thu 10:00-23:00; Fri 14:00-23:00; Sat-Sun 10:00-23:00,,,{},,,,
Qurtubah,946598a2863e4b8d437bcfd0,Pull&Bear Riy-Al Othaim Mall,"Salih al qadi, king faisal, 11391 ﺽﺎﻳﺮﻟﺍ",ﺽﺎﻳﺮﻟﺍ,ﺽﺎﻳﺮﻟﺍ,SA,24.769395,46.764291,,,0,0,0,,False,https://pullandbear.com,,,Open Daily 9:00-16:30,,,{},,,,
Umm Al Hammam (West),4bb60acd46d4a5932198c5c0,Panorama Mall (ﻝﻮﻣ ﺎﻣﺍﺭﻮﻧﺎﺑ),"Al Takhassusi St. Al Ma'thar Ash Shamali (Tahlia St.), 12332 ﺽﺎﻳﺮﻟﺍ",ﺽﺎﻳﺮﻟﺍ,‎ﺽﺎﻳﺮﻟﺍ ﺔﻘﻄﻨﻣ,SA,24.692275,46.669883,Shopping Mall,9.0,10335,12814,608,0.9998951057032274,False,http://www.panorama-mall.com,011 281 4950,,Mon-Thu 9:00-24:00; Fri 13:00-24:00; Sat-Sun 9:00-24:00,Day 1: 1600 - 2300; Day 2: 1600 - 2300; Day 3: 1600 - 2300; Day 4: 1300 - +0000; Day 5: 1500 - +0000; Day 6: 1400 - 2300; Day 7: 1600 - 2300,,"{'instagram': 'panorama_mall', 'twitter': 'panorama_mall'}",,,,Asia/Riyadh
Umm Al Hammam (West),5d263155bde33b002343a220,AMC Cinemas,"Inside Panorama Mall Gate 3 (Al Takhasousi Street), 12332 ﺽﺎﻳﺮﻟﺍ",ﺽﺎﻳﺮﻟﺍ,‎ﺽﺎﻳﺮﻟﺍ ﺔﻘﻄﻨﻣ,SA,24.692235,46.67008,Movie Theater,9.6,1303,22989,149,0.999717318759545,False,https://www.amccinemas.com,,,"Mon-Thu 0:00-1:00, 9:00-24:00; Fri-Sun 0:00-2:00, 9:00-24:00",,,"{'instagram': 'amc_cinemas_sa', 'twitter': 'amc_cinemas_sa'}",,,,Asia/Riyadh
Umm Al Hammam (West),64515544d237b10b9e27d0f9,VOX Cinema,12912 ﺽﺎﻳﺮﻟﺍ,ﺽﺎﻳﺮﻟﺍ,‎ﺽﺎﻳﺮﻟﺍ ﺔﻘﻄﻨﻣ,SA,24.66644,46.626549,Movie Theater,9.0,61,1151,8,0.9968762833994996,False,https://ksa.voxcinemas.com/renaissance,,,,Day 1: 2000 - +0200; Day 2: 2000 - +0200; Day 3: 2000 - +0200; Day 4: 1900 - +0300; Day 5: 1700 - +0400; Day 6: 1900 - +0200; Day 7: 2000 - +0200,,{},,,,Asia/Riyadh
Umm Al Hammam (West),507699abe4b0ace35a4d8d36,Panorama Mall,"Intersection between takhasosy st and tahliya St, 12332 ﺽﺎﻳﺮﻟﺍ",ﺽﺎﻳﺮﻟﺍ,ﺽﺎﻳﺮﻟﺍ,SA,24.693509,46.669816,Clothing Store,7.8,11,12,2,0.9534980470104236,False,https://www.pullandbear.com,011 207 7818,,Mon-Thu 9:30-23:30; Fri 14:00-23:30; Sat-Sun 9:30-23:30,,,{},,,,Asia/Riyadh
Umm Al Hammam (West),4d1c7d4b763fb1f7600f8b66,Maui Wowi Panorama Mall,ﺽﺎﻳﺮﻟﺍ,ﺽﺎﻳﺮﻟﺍ,‎ﺽﺎﻳﺮﻟﺍ ﺔﻘﻄﻨﻣ,SA,24.696405,46.654753,Café,,0,0,0,0.9305706427531376,False,,,1.0,,,,{},,,,Asia/Riyadh
Umm Al Hammam (West),4e8336076c25e5d40b8e342a,Panorama Mall Mosque (ﻝﻮﻣ ﺎﻣﺍﺭﻮﻧﺎﺑ ﻰﻠﺼﻣ),"Pnorama Mall, ﺽﺎﻳﺮﻟﺍ",ﺽﺎﻳﺮﻟﺍ,ﺽﺎﻳﺮﻟﺍ,SA,24.692461,46.669827,Prayer Room,,0,0,0,0.9255339386386142,False,,,,,Day 1: 1500 - +0200; Day 2: 1700 - +0100; Day 3: 1700 - 2200; Day 4: 0000 - +0400; Day 5: 1500 - 1900; Day 5: 2100 - +0200; Day 6: 1500 - 2000; Day 6: 2200 - +0300; Day 7: 1900 - +0100,,{},,,,Asia/Riyadh
Umm Al Hammam (West),608feed4170e876e1432409f,Natural Touch Panorama Mall,"12332 ﺽﺎﻳﺮﻟﺍ ,ﻲﺼﺼﺨﺘﻟﺍ",ﺽﺎﻳﺮﻟﺍ,‎ﺽﺎﻳﺮﻟﺍ ﺔﻘﻄﻨﻣ,SA,24.692858,46.668962,Perfume Store,,0,0,0,0.8999148400539762,False,,,,,,,{},,,,Asia/Riyadh
Umm Al Hammam (West),55251cf7498e9338ad73cfd6,Home Center Al Qasr Mall,"Sultanah Al Qasr Mall, ﺽﺎﻳﺮﻟﺍ",ﺽﺎﻳﺮﻟﺍ,‎ﺽﺎﻳﺮﻟﺍ ﺔﻘﻄﻨﻣ,SA,24.66525,46.630011,Furniture and Home Store,,0,0,0,0.8666029004161993,False,,,,,,,{},,,,Asia/Riyadh
Umm Al Hammam (West),a146661f3113c45a99148a8b,Hublot Riyadh Panorama Mall Boutique,"12332 Takhassusi St, 12332 ﺽﺎﻳﺮﻟﺍ",ﺽﺎﻳﺮﻟﺍ,‎ﺽﺎﻳﺮﻟﺍ ﺔﻘﻄﻨﻣ,SA,24.69165,46.670479,,,0,0,0,0.8090141536185865,False,https://www.hublot.com/boutiques/hublot-riyadh-panorama-mall-boutique,011 482 1360,,Open Daily 00:00-2:30,,,{},,,,Asia/Riyadh
Umm Al Hammam (West),833ae5df70e74508f18a0597,Riy-panorama mall,"Panorama mall, al mathar ash shamali, 12332 ﺽﺎﻳﺮﻟﺍ",ﺽﺎﻳﺮﻟﺍ,‎ﺽﺎﻳﺮﻟﺍ ﺔﻘﻄﻨﻣ,SA,24.692413,46.668921,,,0,0,0,0.778927269139209,False,https://www.bershka.com,053 253 1357,,Mon-Sat 10:00-20:00,,,{},,,,Asia/Riyadh
Umm Al Hammam (West),5486a357498ed8dc22d6d5ef,'Meem Bank Panorama mall,ﺽﺎﻳﺮﻟﺍ,ﺽﺎﻳﺮﻟﺍ,‎ﺽﺎﻳﺮﻟﺍ ﺔﻘﻄﻨﻣ,SA,24.691608,46.669165,Bank,,0,0,0,0.7030584687921688,False,,011 217 0666,,,,,{},,,,Asia/Riyadh
Umm Al Hammam (West),ba34fe6f4a4c4b42cea3edae,Neuhaus Panorama Mall,"6526 At Takhassusi Road Almathar Ash Shamali District Central Province, 12332 ﺽﺎﻳﺮﻟﺍ",ﺽﺎﻳﺮﻟﺍ,‎ﺽﺎﻳﺮﻟﺍ ﺔﻘﻄﻨﻣ,SA,24.692691,46.669583,,,0,0,0,0.6497686102927973,False,https://www.neuhauschocolates.com,,,Mon-Thu 10:00-23:00; Fri 14:00-23:00; Sat-Sun 10:00-23:00,,,{},,,,Asia/Riyadh
Umm Al Hammam (West),63053d71ac1af96c130de4b5,Haagen Dazs Panoram Mall,12332 ﺽﺎﻳﺮﻟﺍ,ﺽﺎﻳﺮﻟﺍ,‎ﺽﺎﻳﺮﻟﺍ ﺔﻘﻄﻨﻣ,SA,24.691724,46.669273,Ice Cream Parlor,,0,0,0,0.6493863683638801,False,,,1.0,,,,{},,,,Asia/Riyadh
Umm Al Hammam (West),4fec2575e4b0180507f16660,Panorama Mall,"Al Takhassusi St. Al Ma'thar Ash Shamali, 12332 ﺽﺎﻳﺮﻟﺍ",ﺽﺎﻳﺮﻟﺍ,ﺽﺎﻳﺮﻟﺍ,SA,24.692523,46.669808,Retail,,0,0,0,0.6369892847809042,False,http://www.panorama-mall.com,011 491 4400,,Mon-Thu 9:00-23:59; Fri 13:00-23:59; Sat-Sun 9:00-23:59,,,{},,,,Asia/Riyadh
Umm Al Hammam (West),63205b31cf1ae33622f028d8,Oysho - Panorama Mall,ﺽﺎﻳﺮﻟﺍ,ﺽﺎﻳﺮﻟﺍ,‎ﺽﺎﻳﺮﻟﺍ ﺔﻘﻄﻨﻣ,SA,24.693366,46.669711,Lingerie Store,,0,0,0,0.5375032668350902,False,,,,,,,{},,,,Asia/Riyadh
Umm Al Hammam (West),4fc63226e4b0e5e07338d027,Okaidi Panorama mall,ﺽﺎﻳﺮﻟﺍ,ﺽﺎﻳﺮﻟﺍ,‎ﺽﺎﻳﺮﻟﺍ ﺔﻘﻄﻨﻣ,SA,24.692044,46.674435,Clothing Store,,0,0,0,0.3567739492347161,False,,,,,,,{},,,,Asia/Riyadh
Umm Al Hammam (West),511bb547e4b028483361e000,Hayat Mall Masjid,ﺽﺎﻳﺮﻟﺍ,ﺽﺎﻳﺮﻟﺍ,‎ﺽﺎﻳﺮﻟﺍ ﺔﻘﻄﻨﻣ,SA,24.687221,46.650787,Mosque,,0,0,0,0.1978679789713603,False,,011 480 9909,,"Mon-Thu 00:00-1:00, 6:00-23:59; Fri 00:00-1:00, 6:00-11:00, 13:00-23:59; Sat-Sun 00:00-1:00, 6:00-23:59",,,{},,,,Asia/Riyadh
Umm Al Hammam (West),502bdcf0e4b0fddf7fbed102,Mark & Spencer Food - Panorama Mall,ﺽﺎﻳﺮﻟﺍ,ﺽﺎﻳﺮﻟﺍ,‎ﺽﺎﻳﺮﻟﺍ ﺔﻘﻄﻨﻣ,SA,24.674087,46.622841,Miscellaneous Store,,0,0,0,0.1850264280291784,False,,,,,,,{},,,,Asia/Riyadh
Umm Al Hammam (West),52fc6eae498eca0c6c64b47e,"Liu.Jo, Panorama Mall",,,,SA,24.691799,46.6688,Clothing Store,,0,0,0,0.0179920387006619,False,,,,,,,{},,,,Asia/Riyadh
Umm Al Hammam (West),50390de6dc344010e807a3ca,Riy-panorama mall,"3323 Athitha, 12332 ﺽﺎﻳﺮﻟﺍ",ﺽﺎﻳﺮﻟﺍ,ﺽﺎﻳﺮﻟﺍ,SA,24.692918,46.668153,,,0,0,0,,False,http://massimodutti.com,,,Mon-Thu 10:00-23:00; Fri 14:00-23:00; Sat-Sun 10:00-23:00,,,{},,,,
Umm Al Hammam (West),54e107c441164c0e78c45b29,Riy-panorama mall,"Al mathar ash shamali, 12332 ﺽﺎﻳﺮﻟﺍ",ﺽﺎﻳﺮﻟﺍ,ﺽﺎﻳﺮﻟﺍ,SA,24.692101,46.670734,,,0,0,0,,False,https://www.stradivarius.com/sa/store-locator/riyadh/intersection-between-takhasosy-st-and-tahliya-st-s7563.html,,,Mon-Thu 10:00-23:00; Fri 14:00-23:00; Sat-Sun 10:00-23:00,,,{},,,,
Al Nada,5c86780fd176e90025d42861,Vox Cinemas (ﺎﻤﻨﻴﺳ ﺲﻛﻮﭬ),"Abi Bakr As Siddiq Rd (Anas Ibn Malik Rd.), ﻦﻴﻤﺳﺎﻴﻟﺍ",ﻦﻴﻤﺳﺎﻴﻟﺍ,‎ﺽﺎﻳﺮﻟﺍ ﺔﻘﻄﻨﻣ,SA,24.817421,46.664813,Movie Theater,9.3,2880,18642,285,0.9990559513290465,False,https://ksa.voxcinemas.com,9200 06883,,Open Daily 0:00-24:00,Day 1: 1900 - +0200; Day 2: 1900 - +0200; Day 3: 1900 - +0200; Day 4: 1900 - +0400; Day 5: 1800 - +0400; Day 6: 1800 - +0200; Day 7: 1900 - +0200,,"{'instagram': 'vox_cinemas_ksa', 'twitter': 'vox_cinemas_ksa'}",,,,Asia/Riyadh
Al Nada,5fe5cde55c0c0813b970696c,Al Rabia Mall,13326 ﺽﺎﻳﺮﻟﺍ,ﺽﺎﻳﺮﻟﺍ,‎ﺽﺎﻳﺮﻟﺍ ﺔﻘﻄﻨﻣ,SA,24.822796,46.651317,Miscellaneous Store,6.9,8,3,1,0.990195050055914,False,,,,,Day 1: 1600 - +0000; Day 2: 1500 - 2300; Day 3: 1400 - 1500; Day 3: 1800 - +0000; Day 4: 1200 - +0000; Day 5: 1400 - +0000; Day 6: 1200 - +0000; Day 7: 1300 - +0000,,{},,,,Asia/Riyadh
Al Nada,62b5a2c7258b1320fe2e573c,mallow (ﻮﻠﻣ),"13326 ﺽﺎﻳﺮﻟﺍ ,(ﻖﻳﺪﺼﻟﺍ ﺮﻜﺑ ﻮﺑﺍ) ﻦﻴﻤﺳﺎﻴﻟﺍ",ﺽﺎﻳﺮﻟﺍ,‎ﺽﺎﻳﺮﻟﺍ ﺔﻘﻄﻨﻣ,SA,24.828652,46.66033,Breakfast Spot,8.1,152,1045,51,0.9672800908846856,True,https://linktr.ee/mallowksa,059 555 0650,1.0,Open Daily 5:00-24:00,Day 1: 0700 - 1500; Day 2: 0900 - 1400; Day 3: 0700 - 1500; Day 4: 0700 - 1500; Day 5: 0800 - 1600; Day 6: 0700 - 1600; Day 7: 1000 - 1300,https://mallow.yallaqrcodes.com,"{'instagram': 'mallowksa', 'twitter': 'mallowksa'}",Brunch & Cafe,,,Asia/Riyadh
Al Nada,546b81ff498edfac40656134,Alnakheel Mall,ﺽﺎﻳﺮﻟﺍ,ﺽﺎﻳﺮﻟﺍ,‎ﺽﺎﻳﺮﻟﺍ ﺔﻘﻄﻨﻣ,SA,24.783296,46.709201,,,0,0,0,0.9414707602703072,False,,,,,,,{},,,,Asia/Riyadh
Al Nada,4e443f7bc65b82109468afac,Kingdom mall,ﺽﺎﻳﺮﻟﺍ,ﺽﺎﻳﺮﻟﺍ,‎ﺽﺎﻳﺮﻟﺍ ﺔﻘﻄﻨﻣ,SA,24.790668,46.652966,,,0,0,0,0.9228280213557676,False,,,,,,,{},,,,Asia/Riyadh
Al Nada,5d027b3bacb37f002c5bbf55,Cinema,"Al Rushd St (Said Ibn Zayd Rd.), 13311 ﺽﺎﻳﺮﻟﺍ",ﺽﺎﻳﺮﻟﺍ,‎ﺽﺎﻳﺮﻟﺍ ﺔﻘﻄﻨﻣ,SA,24.815629,46.735998,Movie Theater,,0,0,0,0.9217755226491676,False,,,,,,,{},,,,Asia/Riyadh
Al Nada,56a98308498ea2d7df0ffcd4,Mall of Saudi (ﺔﻳﺩﻮﻌﺴﻟﺍ ﻝﻮﻣ),ﺽﺎﻳﺮﻟﺍ,ﺽﺎﻳﺮﻟﺍ,‎ﺽﺎﻳﺮﻟﺍ ﺔﻘﻄﻨﻣ,SA,24.81396,46.672931,Shopping Mall,,0,0,0,0.8926451319268015,False,,,,,,,{},,,,Asia/Riyadh
Al Nada,4e70e7f388773f007b77dc26,Haagen Dazs- Hayat Mall,ﺽﺎﻳﺮﻟﺍ,ﺽﺎﻳﺮﻟﺍ,‎ﺽﺎﻳﺮﻟﺍ ﺔﻘﻄﻨﻣ,SA,24.779846,46.674931,,,0,0,0,0.8771367768293832,False,,,,,,,{},,,,Asia/Riyadh
Al Nada,5de3e108c7c1fb00075f95f3,La Valle Mall H&M,13312 ﺽﺎﻳﺮﻟﺍ,ﺽﺎﻳﺮﻟﺍ,‎ﺽﺎﻳﺮﻟﺍ ﺔﻘﻄﻨﻣ,SA,24.784132,46.662202,Shopping Plaza,7.7,19,8,2,0.8643254496676273,False,,,,,Day 1: 1600 - 2300; Day 2: 1100 - 1400; Day 2: 1800 - 2300; Day 3: 1400 - 2300; Day 4: 1000 - 1100; Day 4: 1300 - 1800; Day 4: 2000 - +0000; Day 5: 1400 - 2300; Day 6: 0800 - 0900; Day 6: 1100 - 2300; Day 7: 0900 - 1000; Day 7: 1400 - 1700; Day 7: 2000 - 2300,,{},,,,Asia/Riyadh
Al Nada,61a8fa7157a7ea45c031ff6e,Solitaire Mall (ﻝﻮﻣ ﺮﻴﺘﻴﻟﻮﺳ),"Al Thumammah Rd (Imam Saud Bin Faisal St), 13315 ﺽﺎﻳﺮﻟﺍ",ﺽﺎﻳﺮﻟﺍ,‎ﺽﺎﻳﺮﻟﺍ ﺔﻘﻄﻨﻣ,SA,24.800766,46.651487,Shopping Mall,,0,0,0,0.864035656949425,False,http://solitaireksa.com,,,,,,{'instagram': 'try.claw'},,,,Asia/Riyadh
Al Nada,54e44ddf498eabc8350f2397,CLT Cinema Club,"Princess Nora University, ﺽﺎﻳﺮﻟﺍ",ﺽﺎﻳﺮﻟﺍ,‎ﺽﺎﻳﺮﻟﺍ ﺔﻘﻄﻨﻣ,SA,24.840685,46.668995,College and University,,0,0,0,0.8529008606665943,False,,,,,,,{},,,,Asia/Riyadh
Al Nada,572fa34038fa7c9953acc13a,Donia Al-Asaar Mall,ﺽﺎﻳﺮﻟﺍ,ﺽﺎﻳﺮﻟﺍ,‎ﺽﺎﻳﺮﻟﺍ ﺔﻘﻄﻨﻣ,SA,24.779783,46.712169,Department Store,,0,0,0,0.8363595634263811,False,,,,,,,{},,,,Asia/Riyadh
Al Nada,56bb9024498ed541a128a922,Ghurfti Mall (ﻝﻮﻣ ﻲﺘﻓﺮﻏ),,,,SA,24.812853,46.645363,Spa,,0,0,0,0.5695653642587796,False,,,,,,,{},,,,Asia/Riyadh
Al Nada,6404895a3e926030d53f5371,AMC Cinemas Head Office,13315 ﺽﺎﻳﺮﻟﺍ,ﺽﺎﻳﺮﻟﺍ,‎ﺽﺎﻳﺮﻟﺍ ﺔﻘﻄﻨﻣ,SA,24.793233,46.653473,Business Center,,0,0,0,0.5375868266986209,False,,,,,,,{},,,,Asia/Riyadh
Al Nada,62ec2520415db11eb38312ab,Self Made- La Valle Mall,"La Valle Mall (King Abdulaziz), 13312 ﺽﺎﻳﺮﻟﺍ",ﺽﺎﻳﺮﻟﺍ,‎ﺽﺎﻳﺮﻟﺍ ﺔﻘﻄﻨﻣ,SA,24.783172,46.662486,Café,,0,0,0,0.3475983650712659,False,,,1.0,,,,{},,,,Asia/Riyadh
Al Nada,5b5932f890d1ed002ccb9f2c,Yousef’s Cinema,13315 ﺽﺎﻳﺮﻟﺍ,ﺽﺎﻳﺮﻟﺍ,‎ﺽﺎﻳﺮﻟﺍ ﺔﻘﻄﻨﻣ,SA,24.790867,46.652844,Movie Theater,,0,0,0,0.3285716063583722,False,,,,,,,{},,,,Asia/Riyadh
Al Nada,59a00e24a22db71262a265eb,Dunkin Mall,13251 ﺽﺎﻳﺮﻟﺍ,ﺽﺎﻳﺮﻟﺍ,‎ﺽﺎﻳﺮﻟﺍ ﺔﻘﻄﻨﻣ,SA,24.814603,46.728819,Bar,,0,0,0,0.2852875970494479,False,,,2.0,,,,{},,,,Asia/Riyadh
Al Nada,636fdd0c74d80f253edc5582,Alhadaya Mall,ﺽﺎﻳﺮﻟﺍ,ﺽﺎﻳﺮﻟﺍ,‎ﺽﺎﻳﺮﻟﺍ ﺔﻘﻄﻨﻣ,SA,24.824316,46.654618,Furniture and Home Store,,0,0,0,0.2702841568720876,False,,,,,,,{},,,,Asia/Riyadh
Al Nada,63dff1b8f6d14736a74d2efa,Rasma - La Valle Mall,,,,SA,24.783257,46.662949,Perfume Store,,0,0,0,0.1542355072528183,False,,,,,,,{},,,,Asia/Riyadh
Al Nada,52b31feb11d2a3d172ef1f15,Alanoud's Cinema600,,,,SA,24.791928,46.653628,,,0,0,0,0.142106881954803,False,,,,,,,{},,,,Asia/Riyadh
Al Nada,5284e726498edff15f259834,Durrat China Hayat Mall,ﺽﺎﻳﺮﻟﺍ,ﺽﺎﻳﺮﻟﺍ,‎ﺽﺎﻳﺮﻟﺍ ﺔﻘﻄﻨﻣ,SA,24.77988,46.712262,,,0,0,0,0.1204435428670989,False,,,,,,,{},,,,Asia/Riyadh
Al Wurud,4b73f92df964a5202ec22de3,Hayat Mall (ﻝﻮﻣ ﺓﺎﻴﺣ),"7544 King Abdul Aziz Rd, King Fahd (Hesham Bin Abdul Malek St.), 12272 ﺽﺎﻳﺮﻟﺍ",ﺽﺎﻳﺮﻟﺍ,‎ﺽﺎﻳﺮﻟﺍ ﺔﻘﻄﻨﻣ,SA,24.743318,46.680244,Shopping Mall,8.5,7488,5288,459,0.9996479818515088,False,https://www.tous.com/sa-ar,011 269 5896,,Mon-Thu 9:00-23:00; Fri 14:00-23:00; Sat-Sun 9:00-23:00,Day 1: 1600 - 2300; Day 2: 1600 - 2300; Day 3: 1600 - 2300; Day 4: 1500 - +0000; Day 5: 1500 - +0000; Day 6: 1400 - 2300; Day 7: 1600 - 2300,,"{'facebook_id': '101532151607975', 'instagram': 'waterleakdetct', 'twitter': 'haitham_fathey'}",,,,Asia/Riyadh
Al Wurud,4b98e3a5f964a520775435e3,Sahara Mall (ﻝﻮﻣ ﻯﺭﺎﺤﺻ),"King Abdulaziz Rd (King Abddullah Rd.), 12272 ﺽﺎﻳﺮﻟﺍ",ﺽﺎﻳﺮﻟﺍ,‎ﺽﺎﻳﺮﻟﺍ ﺔﻘﻄﻨﻣ,SA,24.738909,46.683055,Shopping Mall,8.0,3480,890,168,0.9995786449434726,True,http://www.saharamall.com.sa,011 452 0300,,"Mon-Tue 9:00-12:00, 16:00-23:00; Wed-Thu 9:00-23:00; Fri 16:00-23:00; Sat-Sun 9:00-12:00, 16:00-23:00",Day 1: 1600 - 2300; Day 2: 1600 - 2300; Day 3: 1600 - 2300; Day 4: 1300 - 2300; Day 5: 1400 - +0000; Day 6: 1300 - 2300; Day 7: 1600 - 2300,,{},,,,Asia/Riyadh
Al Wurud,4bc6d588f360ef3b943fdc2d,Centria (ﺎﻳﺮﺘﻨﺳ),"intersection of Al Olaya st. with Tahlia St (Tahlia St), 12241 ﺽﺎﻳﺮﻟﺍ",ﺽﺎﻳﺮﻟﺍ,‎ﺽﺎﻳﺮﻟﺍ ﺔﻘﻄﻨﻣ,SA,24.697208,46.683857,Shopping Mall,9.3,8948,16475,483,0.9993973022609166,False,http://www.centria.com.sa,011 216 1111,,Mon-Thu 9:00-24:00; Fri 13:00-24:00; Sat-Sun 9:00-24:00,Day 1: 1600 - 2300; Day 2: 1600 - 2300; Day 3: 1600 - 2300; Day 4: 1600 - +0000; Day 5: 1600 - +0000; Day 6: 1600 - 2300; Day 7: 1700 - 2300,,"{'facebook_id': '237425042993873', 'instagram': 'dreamhouse19974', 'twitter': 'centriamall'}",,,,Asia/Riyadh
Al Wurud,5bbe10887dc9e1002c4492ff,VOX Cinemas,"Kingdom Center, 12214 ﺽﺎﻳﺮﻟﺍ",ﺽﺎﻳﺮﻟﺍ,‎ﺽﺎﻳﺮﻟﺍ ﺔﻘﻄﻨﻣ,SA,24.711129,46.675704,Movie Theater,9.5,2591,28541,263,0.9993813014359852,False,https://ksa.voxcinemas.com,9200 06883,,Open Daily 0:00-24:00,Day 1: 1900 - +0200; Day 2: 1900 - +0200; Day 3: 1900 - +0300; Day 4: 1900 - +0300; Day 5: 1500 - 1600; Day 5: 1800 - +0300; Day 6: 1800 - +0200; Day 7: 2000 - +0200,,{'twitter': 'vox_cinemas_ksa'},,,,Asia/Riyadh
Al Wurud,4b503b59f964a520dc1e27e3,Localizer Mall (ﺭﺰﻳﻻﺎﻛﻮﻟ),"Tahlia St, 12222 ﺽﺎﻳﺮﻟﺍ",ﺽﺎﻳﺮﻟﺍ,‎ﺽﺎﻳﺮﻟﺍ ﺔﻘﻄﻨﻣ,SA,24.699245,46.691526,Shopping Mall,7.8,1975,1573,131,0.999372412088801,False,,011 464 7894,,,Day 1: 1600 - +0000; Day 2: 1600 - 2300; Day 3: 1700 - +0000; Day 4: 1600 - +0000; Day 5: 1600 - +0000; Day 6: 1600 - +0000; Day 7: 1800 - 2300,,{},,,,Asia/Riyadh
Al Wurud,4c349bd1ed37a59304206f03,Royal Mall (ﻝﻮﻣ ﻝﺎﻳﻭﺭ),"King Fahd Rd, 12343 ﺽﺎﻳﺮﻟﺍ",ﺽﺎﻳﺮﻟﺍ,‎ﺽﺎﻳﺮﻟﺍ ﺔﻘﻄﻨﻣ,SA,24.723627,46.664849,Shopping Mall,6.4,2637,1021,174,0.9990115045931256,False,,011 229 8111,,,Day 1: 1600 - 2300; Day 2: 1600 - 2300; Day 3: 1600 - 2300; Day 4: 1600 - 2300; Day 5: 1600 - 2300; Day 6: 1600 - 2300; Day 7: 1600 - 2300,,{},,,,Asia/Riyadh
Al Wurud,4d58dc29729a594174db29cd,Olaya Mall (ﻝﻮﻣ ﺎﻴﻠﻌﻟﺍ),"ﺽﺎﻳﺮﻟﺍ ,(.Oruba Rd) ﺔﺑﻭﺮﻌﻟﺍ ﻉﺭﺎﺷ ﻊﻣ ﺎﻴﻠﻌﻟﺍ ﻉﺭﺎﺷ ﻊﻃﺎﻘﺗ - ﺎﻴﻠﻌﻟﺍ ﻉﺭﺎﺷ",ﺽﺎﻳﺮﻟﺍ,‎ﺽﺎﻳﺮﻟﺍ ﺔﻘﻄﻨﻣ,SA,24.71455,46.673745,Shopping Mall,6.5,631,279,25,0.9984283634178474,False,http://www.almogren.com,011 419 2219,,,Day 1: 1700 - 2300; Day 2: 1600 - 2300; Day 3: 1600 - 2300; Day 4: 1600 - 2300; Day 5: 1600 - 2300; Day 6: 1600 - 2300; Day 7: 1600 - 2300,,{},,,,Asia/Riyadh
Al Wurud,5e10ff4586c4910008bee416,VOX Cinemas (ﺲﻛﻮﭬ ﺎﻤﻨﻴﺳ),"King Abdullah Rd (King Abdulaziz Rd), 12272 ﺽﺎﻳﺮﻟﺍ",ﺽﺎﻳﺮﻟﺍ,‎ﺽﺎﻳﺮﻟﺍ ﺔﻘﻄﻨﻣ,SA,24.736776,46.683825,Movie Theater,9.1,590,7454,55,0.9977509951624172,False,https://ksa.voxcinemas.com/ar,,,Open Daily 0:00-24:00,Day 1: 2000 - +0200; Day 2: 2000 - +0200; Day 3: 2000 - +0300; Day 4: 1900 - +0400; Day 5: 1800 - +0400; Day 6: 1800 - +0200; Day 7: 2000 - +0200,,"{'instagram': 'vox_cinemas_ksa', 'twitter': 'vox_cinemas_ksa'}",,,,Asia/Riyadh
Al Wurud,4cdac981958f236a4c06a903,Marina Mall (ﻝﻮﻣ ﺎﻨﻳﺭﺎﻣ),"ﺽﺎﻳﺮﻟﺍ ,ﺎﻴﻠﻌﻟﺍ ﻉﺭﺎﺷ",ﺽﺎﻳﺮﻟﺍ,‎ﺽﺎﻳﺮﻟﺍ ﺔﻘﻄﻨﻣ,SA,24.74483,46.660315,Shopping Mall,6.1,904,304,45,0.9975020934412618,False,,011 419 2219,,,Day 1: 1600 - +0000; Day 2: 1700 - 2300; Day 3: 1600 - 2300; Day 4: 1600 - +0000; Day 5: 1600 - +0000; Day 6: 1600 - 2300; Day 7: 1600 - +0000,,{},,,,Asia/Riyadh
Al Wurud,4ecb2a4802d50c9c5a7e0848,Telecom Mall (ﺕﻻﺎﺼﺗﻻﺍ ﻊﻤﺠﻣ),"Takhassusi St (Orouba Rd.), ﺽﺎﻳﺮﻟﺍ",ﺽﺎﻳﺮﻟﺍ,‎ﺽﺎﻳﺮﻟﺍ ﺔﻘﻄﻨﻣ,SA,24.708424,46.661911,Mobile Phone Store,7.2,375,240,16,0.9973011941949008,False,,,,Open Daily 1:30-24:00,Day 1: 1600 - +0000; Day 2: 1600 - +0000; Day 3: 1600 - +0000; Day 4: 1600 - +0000; Day 5: 1600 - +0000; Day 6: 1600 - +0000; Day 7: 1600 - +0000,,{},,,,Asia/Riyadh
Al Wurud,5ff96225bc97f54b551d67ba,Abaya Mall (ﻝﻮﻣ ﺎﻳﺎﺒﻋ),"Olaya St, 12215 ﺽﺎﻳﺮﻟﺍ",ﺽﺎﻳﺮﻟﺍ,‎ﺽﺎﻳﺮﻟﺍ ﺔﻘﻄﻨﻣ,SA,24.717983,46.67258,Shopping Mall,7.7,116,104,12,0.9961900257968856,False,,,,,Day 1: 1600 - 2300; Day 2: 1600 - 2300; Day 3: 1600 - 2300; Day 4: 1600 - 2300; Day 5: 1600 - 2300; Day 6: 1400 - 2300; Day 7: 1700 - 2300,,{},,,,Asia/Riyadh
Al Wurud,5106c372e4b006fcbac08565,GAP Mens - Localizer Mall,"Localizer Mall, ﺽﺎﻳﺮﻟﺍ",ﺽﺎﻳﺮﻟﺍ,‎ﺽﺎﻳﺮﻟﺍ ﺔﻘﻄﻨﻣ,SA,24.698923,46.690825,Men's Store,7.8,11,11,5,0.9952068639983216,False,,011 217 9674,,Open Daily 00:00-23:59,,,{},,,,Asia/Riyadh
Al Wurud,52bc31c111d28f8a8b0b7cca,Hayat Mall Parking Area,,,,SA,24.745661,46.680147,Parking,,0,0,0,0.9783206600873644,False,,,,,,,{},,,,Asia/Riyadh
Al Wurud,61fbd608267b550d27f2b108,Tim Hortons - Sahara Mall,ﺽﺎﻳﺮﻟﺍ,ﺽﺎﻳﺮﻟﺍ,‎ﺽﺎﻳﺮﻟﺍ ﺔﻘﻄﻨﻣ,SA,24.737086,46.684264,Coffee Shop,8.3,15,92,5,0.976261887279522,False,,,1.0,,Day 1: 0900 - 1100; Day 1: 1400 - 1500; Day 1: 2100 - 2300; Day 2: 1000 - 1600; Day 2: 1900 - 2200; Day 3: 0900 - 1100; Day 3: 1300 - 2300; Day 4: 1000 - 1100; Day 4: 1300 - +0000; Day 5: 1300 - +0000; Day 6: 1000 - 2300; Day 7: 0800 - 0900; Day 7: 1200 - 1700; Day 7: 2000 - 2300,,{},,,,Asia/Riyadh
Al Wurud,4c061760761ac9b641722074,Alaqaria Mall (ﺔﻳﺭﺎﻘﻌﻟﺍ ﻕﺍﻮﺳﺃ),"Olya St (Mossa Bin Nusair), 12244 ﺽﺎﻳﺮﻟﺍ",ﺽﺎﻳﺮﻟﺍ,‎ﺽﺎﻳﺮﻟﺍ ﺔﻘﻄﻨﻣ,SA,24.705225,46.683574,Shopping Mall,5.4,772,320,53,0.9741035537832172,False,,011 460 0000,,,Day 1: 0800 - 1400; Day 1: 1600 - 2300; Day 2: 0800 - 2200; Day 3: 0900 - 2300; Day 4: 1000 - 1400; Day 4: 1600 - 2300; Day 5: 1600 - 2300; Day 6: 1600 - 2200; Day 7: 0800 - 2300,,{},,,,Asia/Riyadh
Al Wurud,5486c43f498e42756f119b5e,TUMI Panorama Mall,"At Takhassusi St, Al Ma'thar Alshamali, ﺽﺎﻳﺮﻟﺍ",ﺽﺎﻳﺮﻟﺍ,‎ﺽﺎﻳﺮﻟﺍ ﺔﻘﻄﻨﻣ,SA,24.691573,46.676174,Retail,8.0,12,7,5,0.9698082212238498,False,http://www.tumi.com,011 281 5826,,Mon-Thu 9:30-23:00; Fri 16:30-23:00; Sat-Sun 9:30-23:00,,,"{'facebook_id': '68054293985', 'twitter': 'tumitravel'}","Since 1975, TUMI has been creating world-class business and travel essentials, designed to upgrade, uncomplicate, and beautify all aspects of life on the move.",,,Asia/Riyadh
Al Wurud,50d889f9e4b0b55bce091c22,Hayat Mall Gold (ﻲﺒﻫﺬﻟﺍ ﺓﺎﻴﺤﻟﺍ),,,,SA,24.741704,46.680181,Plaza,7.1,8,4,2,0.9673387605761008,False,,,,,,,{},,,,Asia/Riyadh
Al Wurud,4f8ecdb6e4b0bdaf06bd76c1,Van Cleef & Arpels (ﺰﻠﺑﺭﺍ ﺪﻧﺍ ﻒﻴﻠﻛ ﻥﺎﭬ),"Centria Mall (Tahliah St), ﺽﺎﻳﺮﻟﺍ",ﺽﺎﻳﺮﻟﺍ,‎ﺽﺎﻳﺮﻟﺍ ﺔﻘﻄﻨﻣ,SA,24.69747,46.683716,Jewelry Store,9.3,173,883,15,0.9629598681532026,False,https://www.vancleefarpels.com,800 126 0001,,Mon-Thu 10:00-22:30; Fri 15:00-22:30; Sat-Sun 10:00-22:30,Day 1: 1500 - 2300; Day 2: 1700 - 2300; Day 3: 1600 - 2300; Day 4: 1300 - 2300; Day 5: 1600 - 2300; Day 6: 1600 - 2300; Day 7: 1600 - 2300,,"{'facebook_id': '1482820142048482', 'twitter': 'vancleefarpels'}","Open the doors of our boutique to discover Van Cleef & Arpels’ universe and its High Jewelry, Jewelry, Engagement and Watchmaking creations. Our Sales Assistants are at your disposal to assist you in the selection of a piece, and to share with you the Maison’s sources of inspiration.",,,Asia/Riyadh
Al Wurud,4fd073eae4b03518ead765e2,Sahara Mall Foodcourt (ﻝﻮﻣ ﻯﺭﺎﺤﺻ ﻢﻋﺎﻄﻣ ﺔﻫﺩﺭ),"Sahara Mall (At King Abdullah Rd), ﺽﺎﻳﺮﻟﺍ",ﺽﺎﻳﺮﻟﺍ,‎ﺽﺎﻳﺮﻟﺍ ﺔﻘﻄﻨﻣ,SA,24.739834,46.682222,Food Court,6.8,196,124,23,0.9581951780625134,False,http://www.saharamall.com.sa/static/dining-entertainment/index.1.html,,,,Day 1: 1200 - 2300; Day 2: 1200 - 1500; Day 2: 1800 - 1900; Day 2: 2200 - 2300; Day 3: 1200 - 2200; Day 4: 1100 - +0000; Day 5: 1300 - 2200; Day 6: 1200 - 2200; Day 7: 1200 - 1500; Day 7: 1800 - 1900; Day 7: 2100 - 2200,,{},,,,Asia/Riyadh
Al Wurud,52dbe507498e06500f854532,Real Cinema,,,,SA,24.703058,46.670847,,,0,0,0,0.9530571353900912,False,,,,,,,{},,,,Asia/Riyadh
Al Wurud,592b33ba8a6f177cab3b9070,Food Court - Hayat Mall,"King Abdulaziz Rd (King Abdullah Rd), ﺽﺎﻳﺮﻟﺍ",ﺽﺎﻳﺮﻟﺍ,‎ﺽﺎﻳﺮﻟﺍ ﺔﻘﻄﻨﻣ,SA,24.742952,46.679188,Food Court,8.2,195,100,22,0.9508045748136348,False,,,,,Day 1: 1200 - +0000; Day 2: 1200 - 1600; Day 2: 1800 - 2300; Day 3: 1200 - +0000; Day 4: 1200 - +0000; Day 5: 1400 - +0000; Day 6: 1300 - +0000; Day 7: 1200 - +0000,,{},,,,Asia/Riyadh
Al Wurud,60ff643cda88db6810f835cb,AMC Cinema - Riyadh gallery,"Riyadh gallery (Olaya St , King fahad St , Imam Saud St), 12262 ﺽﺎﻳﺮﻟﺍ",ﺽﺎﻳﺮﻟﺍ,‎ﺽﺎﻳﺮﻟﺍ ﺔﻘﻄﻨﻣ,SA,24.744098,46.658985,Shopping Mall,8.2,4,110,0,0.9381052534263988,False,,,,,,,{},,,,Asia/Riyadh
Al Wurud,5135e9c2e4b05e24f3b79137,AlBustan Mall (ﻥﺎﺘﺴﺒﻟﺍ ﻊﻤﺠﻣ),,,,SA,24.711894,46.672525,Shopping Mall,,0,0,0,0.8997352752408568,False,,,,,,,{},,,,Asia/Riyadh
Al Wurud,535e3d3e498e83e245f04522,"Avnue Bowling Alley , Avnue Mall - King Fahad",,,,SA,24.715379,46.671958,Bowling Alley,,0,0,0,0.8971698096435194,False,,,,,,,{},,,,Asia/Riyadh
Al Wurud,552cc46d498e9b0165f832a3,Al-Hayat Company (ﺓﺎﻴﺤﻟﺍ ﺔﻛﺮﺷ),"7544 King Abdul Aziz Rd, King Fahd, 12272 ﺽﺎﻳﺮﻟﺍ",ﺽﺎﻳﺮﻟﺍ,‎ﺽﺎﻳﺮﻟﺍ ﺔﻘﻄﻨﻣ,SA,24.725923,46.69117,Retail,,0,0,0,0.8832064230867014,False,https://www.tous.com/sa-ar,011 269 5896,,Mon-Thu 9:00-23:00; Fri 14:00-23:00; Sat-Sun 9:00-23:00,,,{},,,,Asia/Riyadh
Al Wurud,4e92bcde02d5dcbe603861e7,Thuraya Mall,,,,SA,24.738265,46.684786,Electronics Store,,0,0,0,0.8793608914948504,False,,,,,,,{},,,,Asia/Riyadh
Al Wurud,5908335f2bf9a97a817435e9,Roberto Cavalli - Centria Mall,"Olaya St, Al Olaya, 12241 ﺽﺎﻳﺮﻟﺍ",ﺽﺎﻳﺮﻟﺍ,‎ﺽﺎﻳﺮﻟﺍ ﺔﻘﻄﻨﻣ,SA,24.697155,46.684118,Boutique,6.8,17,49,1,0.8775065736722426,False,http://www.jawahir.sa,,,Mon-Thu 10:00-11:00; Fri 16:30-23:00; Sat-Sun 10:00-11:00,Day 1: 1300 - 1600; Day 1: 1800 - 2200; Day 2: 1000 - 1100; Day 2: 1400 - 2200; Day 3: 1000 - 1200; Day 3: 1400 - 2000; Day 3: 2200 - 2300; Day 4: 1000 - 1100; Day 4: 1500 - 2300; Day 5: 1600 - 2300; Day 6: 1500 - 2300; Day 7: 1000 - 2300,,"{'instagram': 'saudijawahir', 'twitter': 'saudijawahir'}",,,,Asia/Riyadh
Al Wurud,54ba2c5c498eb9a0fe75f85f,Foot Locker Hyatt Mall,,,,SA,24.741441,46.681182,Shoe Store,,0,0,0,0.8769803243189427,False,,,,,,,{},,,,Asia/Riyadh
Al Wurud,511bb546e4b078c678f0c53c,Hayat Mall Masjid,ﺽﺎﻳﺮﻟﺍ,ﺽﺎﻳﺮﻟﺍ,‎ﺽﺎﻳﺮﻟﺍ ﺔﻘﻄﻨﻣ,SA,24.741165,46.68538,Mosque,,0,0,0,0.8693105955684827,False,,,,,,,{},,,,Asia/Riyadh
Al Wurud,4ef4d138e5fa4c35061424bd,Kingdom Mall Food Court (ﺔﻜﻠﻤﻤﻟﺍ ﺰﻛﺮﻣ ﻢﻋﺎﻄﻣ ﺔﻫﺩﺭ),"Kingdom Mall (Olaya), ﺽﺎﻳﺮﻟﺍ",ﺽﺎﻳﺮﻟﺍ,‎ﺽﺎﻳﺮﻟﺍ ﺔﻘﻄﻨﻣ,SA,24.712577,46.674589,Food Court,7.0,503,439,55,0.8614470790494088,False,,,,,Day 1: 1200 - 1700; Day 2: 1200 - 1700; Day 3: 1200 - 1700; Day 4: 1200 - 1700; Day 6: 1300 - 1400; Day 7: 1200 - 1700,,{},,,,Asia/Riyadh
Al Wurud,5c645f25811045002cf206ff,Train Mall,12272 ﺽﺎﻳﺮﻟﺍ,ﺽﺎﻳﺮﻟﺍ,‎ﺽﺎﻳﺮﻟﺍ ﺔﻘﻄﻨﻣ,SA,24.739732,46.682437,Shopping Mall,,0,0,0,0.7641247282082099,False,,,,,,,{},,,,Asia/Riyadh
Al Wurud,59faa87eb2958f1d8f927f21,Granada Mall,,,,SA,24.712298,46.675104,Shopping Mall,,0,0,0,0.7549598112613806,False,,,,,,,{},,,,Asia/Riyadh
Al Wurud,51c9bb87498e48295834e066,Hayat Mall basement Parking,,,,SA,24.746594,46.680417,Parking,,0,0,0,0.7361321739254113,False,,,,,,,{},,,,Asia/Riyadh
Al Wurud,514c6184e4b08b26d18f00f7,Fresh As Fresh Juice Bar at Kingdom Mall,"Kingdom Mall, ﺽﺎﻳﺮﻟﺍ",ﺽﺎﻳﺮﻟﺍ,‎ﺽﺎﻳﺮﻟﺍ ﺔﻘﻄﻨﻣ,SA,24.711246,46.674564,Juice Bar,,0,0,0,0.6977390834371905,False,,,1.0,,,,{},,,,Asia/Riyadh
Al Wurud,5c179f2e7d8497002c06bede,Dahom Cinema,12271 ﺽﺎﻳﺮﻟﺍ,ﺽﺎﻳﺮﻟﺍ,‎ﺽﺎﻳﺮﻟﺍ ﺔﻘﻄﻨﻣ,SA,24.732911,46.672594,Movie Theater,,0,0,0,0.6648840562446775,False,,,,,,,{},,,,Asia/Riyadh
Al Wurud,5f29a47e875f6b3883c89e24,Hayat Mall,"King Abdulaziz Rd, 13712 ﺽﺎﻳﺮﻟﺍ",ﺽﺎﻳﺮﻟﺍ,‎ﺽﺎﻳﺮﻟﺍ ﺔﻘﻄﻨﻣ,SA,24.743097,46.680188,Shopping Mall,,0,0,0,0.4976292111059948,False,,,,,,,{},,,,Asia/Riyadh
Al Wurud,5392027a498eb409d67d8524,AlOhali's Home Cinema,,,,SA,24.735543,46.644031,Movie Theater,,0,0,0,0.4390057442961503,False,,,,,,,{},,,,Asia/Riyadh
Al Wurud,5daff648c5766900085e91d1,Majid AlFuttaim - Vox Cinema HQ,"King Fahad Rd, 12363 ﺽﺎﻳﺮﻟﺍ",ﺽﺎﻳﺮﻟﺍ,‎ﺽﺎﻳﺮﻟﺍ ﺔﻘﻄﻨﻣ,SA,24.742231,46.656252,Community Center,,0,0,0,0.3981005242936969,False,,,,,,,{},,,,Asia/Riyadh
Al Wurud,511e49d1e4b0eb7578e17316,Paul And Shark - Centria Mall,,,,SA,24.709488,46.676632,Boutique,,0,0,0,0.3611635088742353,False,,,,,,,{},,,,Asia/Riyadh
Al Wurud,4f916a8de4b0d7edb4b54fe9,Level 2 Parking - Kingdom Mall (Mamlaka),ﺽﺎﻳﺮﻟﺍ,ﺽﺎﻳﺮﻟﺍ,‎ﺽﺎﻳﺮﻟﺍ ﺔﻘﻄﻨﻣ,SA,24.714975,46.676502,Parking,,0,0,0,0.3392974926707332,False,,,,,,,{},,,,Asia/Riyadh
Al Wurud,ecd57df17e2e47d0c09e66bc,Pull&Bear RIY-HYATT MALL,"7544 King Abdul Aziz Rd, 12272 ﺽﺎﻳﺮﻟﺍ",ﺽﺎﻳﺮﻟﺍ,‎ﺽﺎﻳﺮﻟﺍ ﺔﻘﻄﻨﻣ,SA,24.742849,46.680263,,,0,0,0,0.2105370765781702,False,https://www.pullandbear.com,,,Open Daily 9:00-16:30,,,{},,,,Asia/Riyadh
Al Wurud,54df5e84498eabc834a0c0c3,Fuddruckers Sahara mall,,,,SA,24.711837,46.669104,American Restaurant,,0,0,0,0.1989720358916281,False,,,2.0,,,,{},,,,Asia/Riyadh
Al Wurud,e61facd9b3a34bf2508b8580,Riy-Hyatt Mall,"Hyatt mall libre, 12272 ﺽﺎﻳﺮﻟﺍ",ﺽﺎﻳﺮﻟﺍ,‎ﺽﺎﻳﺮﻟﺍ ﺔﻘﻄﻨﻣ,SA,24.744285,46.680626,,,0,0,0,0.1892239777695205,False,https://www.bershka.com,,,Mon-Thu 9:30-23:30; Fri 14:00-23:30; Sat-Sun 9:30-23:30,,,{},,,,Asia/Riyadh
Al Wurud,51bc24a0e4b0b8711c3541c7,Zain Lines Olaya Mall Riyadh KSA,,,,SA,24.714356,46.673558,Women's Store,,0,0,0,0.1504593125690035,False,,,,,,,{},,,,Asia/Riyadh
Al Wurud,bf109a13ee984c281b05d9ba,Tous Hayat Mall,"7544 King Abdul Aziz Rd, King Fahd, 12272 ﺽﺎﻳﺮﻟﺍ",ﺽﺎﻳﺮﻟﺍ,‎ﺽﺎﻳﺮﻟﺍ ﺔﻘﻄﻨﻣ,SA,24.742598,46.679787,Shopping Mall,,0,0,0,0.1070010720552704,False,https://www.tous.com/sa-ar,011 269 5896,,Mon-Thu 9:00-23:00; Fri 14:00-23:00; Sat-Sun 9:00-23:00,,,{},,,,Asia/Riyadh
Al Wurud,522afc6e11d239b358fbe331,Hayat Mall Food Court,,,,SA,24.709117,46.679016,Fast Food Restaurant,,0,0,0,0.0305900215299988,False,,,1.0,,,,{},,,,Asia/Riyadh
Al Wurud,3e6fb4de775f4e9673bdd3f8,Riy-hyatt mall,"Libre, 12272 ﺽﺎﻳﺮﻟﺍ",ﺽﺎﻳﺮﻟﺍ,‎ﺽﺎﻳﺮﻟﺍ ﺔﻘﻄﻨﻣ,SA,24.742472,46.678413,,,0,0,0,0.0129073321113444,False,http://oysho.com,,,Mon-Thu 9:30-23:30; Fri 14:00-23:55; Sat-Sun 9:30-23:30,,,{},,,,Asia/Riyadh
Al Ghadir,537a1cec498e53b4751737c8,Tala Mall (ﻝﻮﻣ ﻻﺎﺗ),"ﺽﺎﻳﺮﻟﺍ ,(King Abdulaziz St - Exit 5) ﻰﻟﺎﻤﺸﻟﺍ ﻯﺮﺋﺍﺪﻟﺍ ﻊﻣ ﺰﻳﺰﻌﻟﺍ ﺪﺒﻋ ﻚﻠﻤﻟﺍ ﻊﻃﺎﻘﺗ ،ﻞﻔﻨﻟﺍ ﻲﺣ",ﺽﺎﻳﺮﻟﺍ,‎ﺽﺎﻳﺮﻟﺍ ﺔﻘﻄﻨﻣ,SA,24.771692,46.669052,Shopping Mall,8.0,3398,1196,183,0.999262184183718,True,http://arabiancentres.com/Home,011 293 4141,,,Day 1: 1600 - 2300; Day 2: 1600 - 2300; Day 3: 1600 - 2300; Day 4: 1600 - +0000; Day 5: 1500 - +0000; Day 6: 1500 - 2300; Day 7: 1600 - 2300,,{},,,,Asia/Riyadh
Al Ghadir,5d381529c46dcb0008343fc5,Riyad Mall,"R (4), 12262 ﺽﺎﻳﺮﻟﺍ",ﺽﺎﻳﺮﻟﺍ,‎ﺽﺎﻳﺮﻟﺍ ﺔﻘﻄﻨﻣ,SA,24.74273,46.657989,Sri Lankan Restaurant,,0,0,0,0.9668836260002738,False,,,,,,,{},,,,Asia/Riyadh
Al Ghadir,5c081eeb61e53b002c80e058,Zafran Indian Bistro - Levels Mall,"Levels Mall, Level 1, Exit 5 Off Northern Ring Branch Rd, Al Maseef (Northern Ring Road), 12467 ﺽﺎﻳﺮﻟﺍ",ﺽﺎﻳﺮﻟﺍ,‎ﺽﺎﻳﺮﻟﺍ ﺔﻘﻄﻨﻣ,SA,24.772102,46.675009,Indian Restaurant,7.0,348,983,80,0.9568386636822164,True,https://www.zafranrestaurants.com,050 900 9052,2.0,Open Daily 00:00-23:59,Day 1: 2000 - +0000; Day 2: 2100 - +0000; Day 3: 1700 - 1800; Day 3: 2100 - +0100; Day 4: 1400 - +0100; Day 5: 1300 - +0100; Day 6: 1400 - +0100; Day 7: 2000 - +0000,https://www.zafranrestaurants.com/main-menu,"{'facebook_id': '577826329330281', 'twitter': 'zafranbistro'}",Indian restaurant offers North West Indian cuisine & promises to delight its guest with food that captures delicious & unforgettable flavors of the region.,,,Asia/Riyadh
Al Ghadir,5410a22f498e7d6690310819,TAKO HUT - Azizia Mall,"Aziziya Mall, Food Court (Olaya Road), ﺽﺎﻳﺮﻟﺍ",ﺽﺎﻳﺮﻟﺍ,‎ﺽﺎﻳﺮﻟﺍ ﺔﻘﻄﻨﻣ,SA,24.752857,46.654867,Mexican Restaurant,,0,0,0,0.8687594560430671,False,,9200 00129,1.0,,,,{},,,,Asia/Riyadh
Al Ghadir,544a86a8498ee15546128c5c,Paul Cafe At Hayat Mall,,,,SA,24.785855,46.650925,,,0,0,0,0.8653566139409854,False,,,,,,,{},,,,Asia/Riyadh
Al Ghadir,5073f9fae4b01059344a12ca,Outlet Centre of OKAIDI -Azizia Mall,,,,SA,24.751555,46.652989,Children's Clothing Store,,0,0,0,0.8649103687123425,False,,,,,,,{},,,,Asia/Riyadh
Al Ghadir,4d41a3f9255d8cfa06627205,Citymax Azziziah mall,"Azizia Mall, 12263",,‎ﺽﺎﻳﺮﻟﺍ ﺔﻘﻄﻨﻣ,SA,24.75261,46.654082,Department Store,,0,0,0,0.8610897272926071,False,,,,,,,{},,,,Asia/Riyadh
Al Ghadir,280435be76364811025756cc,Riy-tala mall,"Northern ring branch Rd, tala mall, an nafal 6137, 13312 ﺽﺎﻳﺮﻟﺍ",ﺽﺎﻳﺮﻟﺍ,‎ﺽﺎﻳﺮﻟﺍ ﺔﻘﻄﻨﻣ,SA,24.770821,46.668763,,,0,0,0,0.7616357109966558,False,https://www.zara.com,011 263 1116,,,,,{},,,,Asia/Riyadh
Al Ghadir,4d825048ebb4236aa1d45058,Cinnabon/Seattle's Best Azizia Mall,,,,SA,24.752503,46.654606,Coffee Shop,,0,0,0,0.7400897112917821,False,,,1.0,,,,{},,,,Asia/Riyadh
Al Ghadir,4d0b2b87d8d78cfa95411bbe,Masjid Azizia Mall (ﻝﻮﻣ ﺔﻳﺰﻳﺰﻋ ﻊﻣﺎﺟ),"ﺽﺎﻳﺮﻟﺍ ,ﻡﺎﻌﻟﺍ ﺎﻴﻠﻌﻟﺍ ﻉﺭﺎﺷ - ﺝﻭﺮﻤﻟﺍ",ﺽﺎﻳﺮﻟﺍ,‎ﺽﺎﻳﺮﻟﺍ ﺔﻘﻄﻨﻣ,SA,24.752662,46.65468,Mosque,,0,0,0,0.5722339462834528,False,,,,,,,{},,,,Asia/Riyadh
Al Ghadir,4f915f82e4b09d834feeaddf,STC-Azizia Mall,,,,SA,24.752503,46.654606,Mobile Phone Store,,0,0,0,0.5680043948932478,False,,,,,,,{},,,,Asia/Riyadh
Al Ghadir,52f9205f498e41ecec1ade1a,Stradivarius Azizia Mall,,,,SA,24.751593,46.653653,Women's Store,,0,0,0,0.5342479878962648,False,,,,,,,{},,,,Asia/Riyadh
Al Ghadir,5fd286882e1fe449ed9d6580,Onyx Screen at Muvi Cinema,"Opposite CITC, Prince Turki Ibn Abdulaziz Al Awwal Rd, UWalk, 12373 ﺽﺎﻳﺮﻟﺍ",ﺽﺎﻳﺮﻟﺍ,‎ﺽﺎﻳﺮﻟﺍ ﺔﻘﻄﻨﻣ,SA,24.735691,46.631932,Movie Theater,,0,0,0,0.4500907602347498,False,,,,,,,{},,,,Asia/Riyadh
Al Ghadir,4d8a002e99c2a1cd15b486d7,Le Mall Chinese Restaurant,,,,SA,24.771374,46.668903,Chinese Restaurant,,0,0,0,0.4251756979470941,False,,,1.0,,,,{},,,,Asia/Riyadh
Al Ghadir,4f5a30e6e4b0b310dee1b6a7,Azizia Mall FC (ﺔﻳﺰﻳﺰﻌﻟﺍ ﻝﻮﻣ ﻢﻋﺎﻄﻣ ﺔﺣﺎﺑ),,,,SA,24.752649,46.654746,Food Court,,0,0,0,0.4209941490316834,False,,,,,,,{},,,,Asia/Riyadh
Al Ghadir,ace534f395c04d6838b8afd9,Skopje City Mall,"7639 King Fahd Branch Rd, 12262 ﺽﺎﻳﺮﻟﺍ",ﺽﺎﻳﺮﻟﺍ,‎ﺽﺎﻳﺮﻟﺍ ﺔﻘﻄﻨﻣ,SA,24.743002,46.658167,,,0,0,0,0.3566406090269542,False,https://www.pullandbear.com,,,Open Daily 9:00-16:30,,,{},,,,Asia/Riyadh
Al Ghadir,54147c63498e9aee38db24c8,Sodas Azizia Mall,,,,SA,24.752247,46.654438,Department Store,,0,0,0,0.3060922251991658,False,,,,,,,{},,,,Asia/Riyadh
Al Ghadir,5bdc69f557a537002dac7ebd,4k Cinema,13311 ﺽﺎﻳﺮﻟﺍ,ﺽﺎﻳﺮﻟﺍ,‎ﺽﺎﻳﺮﻟﺍ ﺔﻘﻄﻨﻣ,SA,24.777275,46.655376,Movie Theater,,0,0,0,0.0922625344239969,False,,,,,,,{},,,,Asia/Riyadh
Al Ghadir,92c6cbc01c654187de3d1feb,Talla Mall,"Northern Ring Branch Rd, ﺽﺎﻳﺮﻟﺍ",ﺽﺎﻳﺮﻟﺍ,ﺽﺎﻳﺮﻟﺍ,SA,24.765616,46.658118,,,0,0,0,,False,,,,,,,{},,,,
Al Ghadir,3efd38b062694fd829174be3,Azizia Mall,"Al Olaya St, ﺽﺎﻳﺮﻟﺍ",ﺽﺎﻳﺮﻟﺍ,ﺽﺎﻳﺮﻟﺍ,SA,24.752208,46.653774,Shopping Mall,,0,0,0,,False,,,,Mon-Thu 9:00-23:59; Fri 13:00-23:45; Sat-Sun 9:00-23:59,,,{},,,,
Al Futah,4fd06bc7e4b094935f9f41ad,Al Qasr Mall (ﻝﻮﻣ ﺮﺼﻘﻟﺍ),"ﺽﺎﻳﺮﻟﺍ ,(at Sultanah St) ﻱﺪﻳﻮﺴﻟﺍ ﻲﺣ ,ﻡﺎﻌﻟﺍ ﻱﺪﻳﻮﺴﻟﺍ ﻉﺭﺎﺷ",ﺽﺎﻳﺮﻟﺍ,‎ﺽﺎﻳﺮﻟﺍ ﺔﻘﻄﻨﻣ,SA,24.600456,46.69779,Shopping Mall,8.0,1541,1993,149,0.9990470619818622,False,http://www.alqasrmall.com/ar/index.aspx,800 123 3333,,"Mon-Thu 9:00-13:00, 16:00-23:59; Fri 16:00-23:59; Sat-Sun 9:00-13:00, 16:00-23:59",Day 1: 1800 - +0000; Day 2: 1700 - +0000; Day 3: 1700 - +0000; Day 4: 1600 - +0100; Day 5: 1500 - +0100; Day 6: 1600 - +0000; Day 7: 1700 - +0000,,"{'facebook_id': '405558712848094', 'instagram': 'alqasrmall', 'twitter': 'alqasrmall'}",,,,Asia/Riyadh
Al Futah,5c7d2b5dd4cc980039d31405,VOX Cinemas (ﺲﻛﻮﭬ ﺎﻤﻨﻴﺳ),"Al Qaser Mall (Qasser mall), 12791 ﺽﺎﻳﺮﻟﺍ",ﺽﺎﻳﺮﻟﺍ,‎ﺽﺎﻳﺮﻟﺍ ﺔﻘﻄﻨﻣ,SA,24.600015,46.69682,Movie Theater,9.1,1539,9648,181,0.9979821181892043,False,https://ksa.voxcinemas.com,9200 06883,,"Open Daily 0:00-2:00, 8:00-24:00",Day 1: 1900 - +0200; Day 2: 1900 - +0200; Day 3: 1900 - +0200; Day 4: 1900 - +0300; Day 5: 1500 - +0300; Day 6: 1500 - +0200; Day 7: 1900 - +0200,,{},,,,Asia/Riyadh
Al Futah,4d90bb7ffa9437048ca338c6,Avenue Mall,"King Faisal St, ﺽﺎﻳﺮﻟﺍ",ﺽﺎﻳﺮﻟﺍ,‎ﺽﺎﻳﺮﻟﺍ ﺔﻘﻄﻨﻣ,SA,24.663589,46.703951,Shopping Mall,6.1,91,128,13,0.995770448609795,False,,,,,Day 1: 1200 - 2300; Day 2: 1300 - 1500; Day 2: 1700 - 2300; Day 3: 1200 - 2300; Day 4: 1000 - 1100; Day 4: 1400 - +0000; Day 5: 1200 - +0000; Day 6: 1000 - 2300; Day 7: 1300 - +0000,,{},,,,Asia/Riyadh
Al Futah,4da5ec8a4b2280544b678da0,Lulu Hypermarket (ﺖﻛﺭﺎﻣﺮﺒﻳﺎﻫ ﻮﻟﻮﻟ),"Riyadh Avenue Mall, Level 1, Prince Faisal Bin Turki Bin Abdul Aziz Rd (Prince Faisal Bin Turki St), 12612 ﺽﺎﻳﺮﻟﺍ",ﺽﺎﻳﺮﻟﺍ,‎ﺽﺎﻳﺮﻟﺍ ﺔﻘﻄﻨﻣ,SA,24.66351,46.703831,Department Store,8.5,1567,1000,206,0.9952210869538164,False,https://www.luluhypermarket.com/en-sa,011 402 6655,,"Mon-Wed 8:00-23:59; Thu-Sun 00:00-1:00, 8:00-23:59",Day 1: 1200 - 2300; Day 2: 1200 - 2300; Day 3: 1200 - 2300; Day 4: 1200 - +0000; Day 5: 1300 - +0000; Day 6: 1100 - 2300; Day 7: 1200 - 2300,,{},,,,Asia/Riyadh
Al Futah,5a4134708173cb3a0427a8b5,Nejod Mall,,,,SA,24.670923,46.693117,Shopping Plaza,,0,0,0,0.9925276147570274,False,,,,,,,{},,,,Asia/Riyadh
Al Futah,4e4bd6d618a808fd11027798,Nojoud Mall (ﻝﻮﻣ ﺩﻮﺠﻧ),ﺽﺎﻳﺮﻟﺍ,ﺽﺎﻳﺮﻟﺍ,‎ﺽﺎﻳﺮﻟﺍ ﺔﻘﻄﻨﻣ,SA,24.666695,46.687648,Shopping Mall,7.3,826,216,52,0.9899194802932062,False,http://www.njodmall.com,011 441 0319,,,Day 1: 1700 - 2300; Day 2: 1700 - 2300; Day 3: 1700 - 2300; Day 4: 1600 - +0000; Day 5: 1600 - +0000; Day 6: 1600 - +0000; Day 7: 1700 - 2300,,{},,,,Asia/Riyadh
Al Futah,4bc7434a92b376b0de574f3a,Badiah Mall (ﻝﻮﻣ ﺔﻌﻳﺪﺒﻟﺍ),"Al Madinah As Sina'iyah (Al Madinah Al Munadwarah), 12768 ﺽﺎﻳﺮﻟﺍ",ﺽﺎﻳﺮﻟﺍ,‎ﺽﺎﻳﺮﻟﺍ ﺔﻘﻄﻨﻣ,SA,24.607486,46.653267,Shopping Mall,6.0,201,80,8,0.9820577416435692,False,,011 419 2219,,,Day 1: 1600 - +0000; Day 2: 1600 - +0000; Day 3: 1600 - +0000; Day 4: 1600 - +0000; Day 5: 1600 - +0000; Day 6: 1600 - 2300; Day 7: 1600 - 2300,,{},,,,Asia/Riyadh
Al Futah,523364ba498e79a7814f9df3,Home Centre AlQaser Mall,,,,SA,24.600959,46.698741,Furniture and Home Store,,0,0,0,0.9689495102858636,False,,,,,,,{},,,,Asia/Riyadh
Al Futah,5fbc1dc9d5114e72166cacf1,LuLu Hypermarket - Riyadh Avenue Mall-Murabba,"Riyadh Avenue Mall, Level 1, Prince Faisal Bin Turki Bin Abdul Aziz Rd, 12612 ﺽﺎﻳﺮﻟﺍ",ﺽﺎﻳﺮﻟﺍ,‎ﺽﺎﻳﺮﻟﺍ ﺔﻘﻄﻨﻣ,SA,24.664196,46.703316,Grocery Store,,0,0,0,0.9498694154898653,False,https://www.luluhypermarket.com/en-sa,011 402 6655,,"Mon-Wed 8:00-23:59; Thu-Sun 00:00-1:00, 8:00-23:59",,,{'twitter': 'luluhypersa'},"Lulu Hypermarket is the fastest growing retail chain in the Middle East & Asia, It is the favourite one-stop shop.",,,Asia/Riyadh
Al Futah,50e1f196e4b0748c84074466,Food Court - Avenue Mall,,,,SA,24.663577,46.703504,Diner,6.5,10,4,0,0.9443491308885258,False,,,1.0,,,,{},,,,Asia/Riyadh
Al Futah,503b3676e4b01034f2ce6f5b,Stradivarius - Badieah Mall,,,,SA,24.607376,46.653239,Women's Store,,0,0,0,0.9416201013030006,False,,,,,,,{},,,,Asia/Riyadh
Al Futah,584ad566fd2716730682e103,H&M Al Qasr Mall,ﺽﺎﻳﺮﻟﺍ,ﺽﺎﻳﺮﻟﺍ,‎ﺽﺎﻳﺮﻟﺍ ﺔﻘﻄﻨﻣ,SA,24.603635,46.700997,Shopping Mall,,0,0,0,0.9391506406552516,False,,,,,,,{},,,,Asia/Riyadh
Al Futah,50040e9ae4b0c432cfc40838,Blu Al Qasr Mall,,,,SA,24.600708,46.697407,Children's Clothing Store,,0,0,0,0.9374652204291422,False,,,,,,,{},,,,Asia/Riyadh
Al Futah,5097d2fae4b02645e0e80c39,Modon - Badiah Mall,,,,SA,24.607658,46.653276,Cosmetics Store,,0,0,0,0.9322560629792468,False,,,,,,,{},,,,Asia/Riyadh
Al Futah,5225f640498e8c74ded768a5,AlQasr Mall Food Court (ﻝﻮﻣ ﺮﺼﻘﻠﻟ ﻡﺎﻌﻄﻟﺍ ﺔﻟﺎﺻ),,,,SA,24.600773,46.698798,Diner,5.9,52,25,3,0.9164472479470052,False,,,1.0,,Day 1: 1200 - 1600; Day 1: 1800 - 2300; Day 2: 1100 - 1500; Day 2: 1700 - 1800; Day 2: 2000 - +0000; Day 3: 1200 - 1300; Day 3: 1500 - +0000; Day 4: 1200 - +0100; Day 5: 1300 - +0100; Day 6: 1200 - 2300; Day 7: 1300 - 1400; Day 7: 1600 - +0000,,{},,,,Asia/Riyadh
Al Futah,544f5f22498e876372e053e0,Panorama Mall,ﺽﺎﻳﺮﻟﺍ,ﺽﺎﻳﺮﻟﺍ,‎ﺽﺎﻳﺮﻟﺍ ﺔﻘﻄﻨﻣ,SA,24.634912,46.712495,,,0,0,0,0.9082423804960612,False,,,,,,,{},,,,Asia/Riyadh
Al Futah,5b827be723a2e6002c7357ef,Sana Mall,"Downtown batha (Batha), 12643 ﺽﺎﻳﺮﻟﺍ",ﺽﺎﻳﺮﻟﺍ,‎ﺽﺎﻳﺮﻟﺍ ﺔﻘﻄﻨﻣ,SA,24.646188,46.71785,Shopping Mall,,0,0,0,0.8940034241765353,False,,,,,,,{},,,,Asia/Riyadh
Al Futah,50912ef6e4b0d494829d8d61,Jessica - Badiah Mall,,,,SA,24.60726,46.65352,Cosmetics Store,,0,0,0,0.8863639192065013,False,,,,,,,{},,,,Asia/Riyadh
Al Futah,500424f8e4b077654fd64550,Tiffosi Al Qasr Mall,,,ﺽﺎﻳﺮﻟﺍ,SA,24.600593,46.697687,Children's Clothing Store,,0,0,0,0.8783403944381133,False,,,,,,,{},,,,Asia/Riyadh
Al Futah,5aacc07fc58ed74dceb83e52,"DAM , AlQasar Mall",12791 ﺽﺎﻳﺮﻟﺍ,ﺽﺎﻳﺮﻟﺍ,‎ﺽﺎﻳﺮﻟﺍ ﺔﻘﻄﻨﻣ,SA,24.600601,46.69793,Shopping Mall,,0,0,0,0.8697123940612049,False,,,,,,,{},,,,Asia/Riyadh
Al Futah,5e051573bc36ab00077dc828,Al Qasir Mall (ﺝﻭﺮﺨﻟﺍ ﺔﺑﺍﻮﺑ),"Exit Gate, 12791 ﺽﺎﻳﺮﻟﺍ",ﺽﺎﻳﺮﻟﺍ,‎ﺽﺎﻳﺮﻟﺍ ﺔﻘﻄﻨﻣ,SA,24.600446,46.698406,Shopping Mall,,0,0,0,0.8696039440255586,False,,,,,,,{},,,,Asia/Riyadh
Al Futah,54a7ffae498ee74ea198ecbb,Sun & Sand Sports - Al Qasr Mall,,,,SA,24.60059,46.695419,Sporting Goods Retail,,0,0,0,0.8622737883375321,False,,,,,,,{},,,,Asia/Riyadh
Al Futah,91922e1854d14cf4d7d15b60,Abha-aseer mall,"Centro comercial aseer mall, king fahd highway, abha & khamis mushayt, 12748 ﺽﺎﻳﺮﻟﺍ",ﺽﺎﻳﺮﻟﺍ,ﺮﻴﺴﻋ,SA,24.614538,46.680824,,,0,0,0,0.7101966145810183,False,https://www.stradivarius.com/sa,,,Mon-Wed 9:30-23:00; Thu 9:30-23:30; Fri 14:00-23:30; Sat 9:30-23:30; Sun 9:30-23:00,,,{},,,,Asia/Riyadh
Al Futah,50040df6e4b034c294b740ca,Crocus Al Qasr Mall,,,,SA,24.601923,46.697713,Jewelry Store,,0,0,0,0.6846432971655427,False,,,,,,,{},,,,Asia/Riyadh
Al Futah,582619ff87d6d9387042aa4f,Crepe World - Alqasr Mall,ﺽﺎﻳﺮﻟﺍ,ﺽﺎﻳﺮﻟﺍ,‎ﺽﺎﻳﺮﻟﺍ ﺔﻘﻄﻨﻣ,SA,24.600235,46.697734,Café,,0,0,0,0.6558915926332202,False,,,1.0,,,,{},,,,Asia/Riyadh
Al Futah,5c8d58bc112c6c002c0bd7cf,VOX Cinema Kids,"12791 ﺽﺎﻳﺮﻟﺍ ,ﻝﻮﻣ ﺮﺼﻘﻟﺍ",ﺽﺎﻳﺮﻟﺍ,‎ﺽﺎﻳﺮﻟﺍ ﺔﻘﻄﻨﻣ,SA,24.600059,46.696315,Movie Theater,7.2,9,24,1,0.6175962849640249,False,,,,,,,{},,,,Asia/Riyadh
Al Futah,50e423f7e4b05f45b61b9f07,Cinnabon - Badiaah Mall,,,,SA,24.606393,46.654642,Snack Place,,0,0,0,0.5639526304467253,False,,,1.0,,,,{},,,,Asia/Riyadh
Al Futah,6162af8822fff04077e29549,Shopping Mall,,,‎ﺽﺎﻳﺮﻟﺍ ﺔﻘﻄﻨﻣ,SA,24.613303,46.706922,Shopping Mall,,0,0,0,0.5372490315056243,False,,,,,,,{},,,,Asia/Riyadh
Al Futah,51c47a3c498ef33c4c56ca27,Bodyshop Akaria Mall,Akaria,,,SA,24.663465,46.704335,Cosmetics Store,,0,0,0,0.3998748379916476,False,,,,,,,{},,,,Asia/Riyadh
Al Futah,53f4a260498eff39724ae097,Marks & Spencer Hayat Mall,,,,SA,24.647766,46.696455,Clothing Store,,0,0,0,0.3361577752453015,False,,,,,,,{},,,,Asia/Riyadh
Al Futah,4fc4ccc7e4b0829fe112bc41,"Al Falah Opticals,Lulu Mall",ﺽﺎﻳﺮﻟﺍ,ﺽﺎﻳﺮﻟﺍ,‎ﺽﺎﻳﺮﻟﺍ ﺔﻘﻄﻨﻣ,SA,24.663351,46.703756,Miscellaneous Store,,0,0,0,0.3350750527582755,False,,,,,,,{},,,,Asia/Riyadh
Al Futah,531f366411d25b13a43fda8b,VaVaVoom (ﻡﻭﻮﭬﺎﭬﺎﭬ),"Suwaidi, 12791 ﺽﺎﻳﺮﻟﺍ",ﺽﺎﻳﺮﻟﺍ,‎ﺽﺎﻳﺮﻟﺍ ﺔﻘﻄﻨﻣ,SA,24.600271,46.696987,Cosmetics Store,,0,0,0,0.2545873476143659,True,,,,,,,{},.ﻝﻮﻣ ﺮﺼﻘﻟﺍ ﻒﻘﺳ ﺖﺤﺗ ﺍﺬﻫ ﻞﻛ – ﺓﺮﺸﺒﻟﺎﺑ ﺔﻳﺎﻨﻌﻟﺍ ﺕﺎﺠﺘﻨﻣ ﻭ ﻞﻴﻤﺠﺘﻟﺍ ﺕﺍﺮﻀﺤﺘﺴﻣﻭ ﺭﻮﻄﻌﻟﺍ ﻢﻟﺎﻋ ﻲﻓ ﺓﺮﻜﺘﺒﻤﻟﺍﻭ ﺔﻳﺮﺼﺤﻟﺍ ﺔﻴﻤﻟﺎﻌﻟﺍ ﺕﺎﺠﺘﻨﻤﻟﺍ ﺔﻓﺎﻛ ﻦﻤﻀﺘﻳ ﻡﻭﻮــﭬﺎـﭬﺎـﭬ,,,Asia/Riyadh
Al Futah,54d6f018498eadf392b81cd2,Dr. Cafe - Avenue Mall,,,ﺽﺎﻳﺮﻟﺍ,SA,24.663428,46.703706,Café,,0,0,0,0.2421884861619532,False,,,1.0,,,,{},,,,Asia/Riyadh
Al Futah,584aec089c439d26c0d153f3,H&M Al Qasr Mall,ﺽﺎﻳﺮﻟﺍ,ﺽﺎﻳﺮﻟﺍ,‎ﺽﺎﻳﺮﻟﺍ ﺔﻘﻄﻨﻣ,SA,24.602453,46.703378,Clothing Store,,0,0,0,0.066337642296225,False,,,,,,,{},,,,Asia/Riyadh
Al Futah,50113a79e4b090757f7a20b5,Citymax - Al Qasr Mall,,,,SA,24.600804,46.698359,Department Store,,0,0,0,0.0001333402077618,False,,,,,,,{},,,,Asia/Riyadh
Al Futah,e6925e3fa3b3aef9b3a280a6,View Mall,"Salmal al farisi s/n, 13223 ﺽﺎﻳﺮﻟﺍ",ﺽﺎﻳﺮﻟﺍ,‎ﺽﺎﻳﺮﻟﺍ ﺔﻘﻄﻨﻣ,SA,24.633333,46.716667,,,0,0,0,,False,https://www.pullandbear.com/sa,,,,,,{},,,,Asia/Riyadh
Al Futah,a0dfcc2f3e2c72ee52d31c55,Riy-panorama mall,"Intersection between takhasosy st and tahliya St, 12332 ﺽﺎﻳﺮﻟﺍ",ﺽﺎﻳﺮﻟﺍ,ﺽﺎﻳﺮﻟﺍ,SA,24.633333,46.716667,,,0,0,0,,False,http://oysho.com,011 281 4814,,Open Daily 9:30-23:30,,,{},,,,Asia/Riyadh
Al ‘Aqiq,5e3440a9bd939d0008a14f49,Muvi Cinemas,"U Walk (Turki Al Awal Rd.), 12373 ﺽﺎﻳﺮﻟﺍ",ﺽﺎﻳﺮﻟﺍ,‎ﺽﺎﻳﺮﻟﺍ ﺔﻘﻄﻨﻣ,SA,24.735891,46.632067,Movie Theater,9.2,1203,22968,133,0.9994186366941584,False,https://www.muvicinemas.com,,,,Day 1: 1900 - +0300; Day 2: 1900 - +0300; Day 3: 1900 - +0300; Day 4: 1900 - +0400; Day 5: 1800 - +0400; Day 6: 1800 - +0300; Day 7: 2000 - +0300,,"{'facebook_id': '535354233540602', 'instagram': 'muvi_cinemas', 'twitter': 'muvicinemas'}",,,,Asia/Riyadh
Al ‘Aqiq,5f0b5f51e25cbc46584afb84,ScreenX at Muvi Cinemas,12373 ﺽﺎﻳﺮﻟﺍ,ﺽﺎﻳﺮﻟﺍ,‎ﺽﺎﻳﺮﻟﺍ ﺔﻘﻄﻨﻣ,SA,24.735427,46.631778,Movie Theater,,0,0,0,0.0118637227519285,False,,,,,,,{},,,,Asia/Riyadh
An Nuzhah,53a47071498e183ecb19e0cf,Al Nakheel Mall (ﻝﻮﻣ ﻞﻴﺨﻨﻟﺍ),"Othman Bin Affan Rd (Imam Saud Ibn Abdul Aziz Rd.), 12483 ﺽﺎﻳﺮﻟﺍ",ﺽﺎﻳﺮﻟﺍ,‎ﺽﺎﻳﺮﻟﺍ ﺔﻘﻄﻨﻣ,SA,24.767825,46.71524,Shopping Mall,9.3,14377,27495,868,0.9999537753946426,True,https://www.arabiancentres.com,011 293 4141,,Mon-Thu 9:00-24:00; Fri 13:00-24:00; Sat-Sun 9:00-24:00,Day 1: 1600 - 2300; Day 2: 1600 - 2300; Day 3: 1600 - 2300; Day 4: 1600 - +0000; Day 5: 1500 - +0000; Day 6: 1400 - 2300; Day 7: 1600 - 2300,,"{'facebook_id': '322815677806055', 'instagram': 'dreamhouse19974', 'twitter': 'nakheel_riyadh'}",,,,Asia/Riyadh
An Nuzhah,5f69e4b1a54d3f0864fcc656,Muvi Cinemas (ﺎﻤﻨﻴﺳ ﻲﭬﻮﻣ),"Al Nakheel Mall (Othman Bin Affan Rd), 12483 ﺽﺎﻳﺮﻟﺍ",ﺽﺎﻳﺮﻟﺍ,‎ﺽﺎﻳﺮﻟﺍ ﺔﻘﻄﻨﻣ,SA,24.764866,46.716076,Movie Theater,9.2,1259,21312,118,0.9995501990324834,False,https://www.muvicinemas.com/ar,,,"Open Daily 0:00-5:00, 9:00-24:00",Day 1: 1900 - +0300; Day 2: 2000 - +0200; Day 3: 1900 - +0300; Day 4: 1900 - +0400; Day 5: 1800 - +0400; Day 6: 1700 - +0300; Day 7: 2000 - +0300,,"{'instagram': 'muvi_cinemas', 'twitter': 'muvicinemas'}",,,,Asia/Riyadh
An Nuzhah,6166ff4d7d107a624c780dd2,Gahrandh Mall,13241 ﺽﺎﻳﺮﻟﺍ,ﺽﺎﻳﺮﻟﺍ,‎ﺽﺎﻳﺮﻟﺍ ﺔﻘﻄﻨﻣ,SA,24.782748,46.729897,Shopping Mall,,0,0,0,0.9708731650165076,False,,,,,,,{},,,,Asia/Riyadh
An Nuzhah,4f808792e4b09a1476e0247f,Sbarro (ﻭﺭﺎﺒﺳ),"at Granada Center, ﺽﺎﻳﺮﻟﺍ",ﺽﺎﻳﺮﻟﺍ,‎ﺽﺎﻳﺮﻟﺍ ﺔﻘﻄﻨﻣ,SA,24.781092,46.730742,Italian Restaurant,6.8,28,29,16,0.9533878191053404,False,http://sbarro.com,,2.0,,Day 1: 1300 - 1400; Day 1: 1600 - 2200; Day 2: 1500 - +0000; Day 3: 1200 - 1500; Day 3: 1700 - 2300; Day 4: 1200 - +0000; Day 5: 1400 - +0000; Day 6: 1200 - 2300; Day 7: 1100 - 2300,,{},,,,Asia/Riyadh
An Nuzhah,56b0db56498e6a67b8573559,Al Nakheel Mall Food Court (ﻝﻮﻣ ﻞﻴﺨﻨﻟﺍ ﻢﻋﺎﻄﻣ ﺔﻫﺩﺭ),"Nakheel Mall, ﺽﺎﻳﺮﻟﺍ",ﺽﺎﻳﺮﻟﺍ,‎ﺽﺎﻳﺮﻟﺍ ﺔﻘﻄﻨﻣ,SA,24.767337,46.716493,Food Court,7.1,47,45,5,0.9489982594658214,False,,,,,Day 1: 1300 - 1500; Day 1: 1700 - 2300; Day 2: 1400 - 1600; Day 2: 1900 - +0000; Day 3: 1400 - 1500; Day 3: 1700 - +0000; Day 4: 1200 - +0000; Day 5: 1400 - +0000; Day 6: 1200 - +0000; Day 7: 1100 - 1600; Day 7: 2200 - +0000,,{},,,,Asia/Riyadh
An Nuzhah,541da2e4498ed2c3365dc011,Nakhil Bedouin Mall,,,,SA,24.771424,46.717526,Adult Store,,0,0,0,0.9426032631015644,False,,,,,,,{},,,,Asia/Riyadh
An Nuzhah,5d0cdfae56d68d0023cf87cb,Coffee De Class - Nakheel Mall,12483 ﺽﺎﻳﺮﻟﺍ,ﺽﺎﻳﺮﻟﺍ,‎ﺽﺎﻳﺮﻟﺍ ﺔﻘﻄﻨﻣ,SA,24.767605,46.715184,Coffee Shop,,0,0,0,0.9223924433437456,False,,,1.0,,,,{},,,,Asia/Riyadh
An Nuzhah,529f42eb498ec765de5b9815,Nespresso | Garnada Mall,,,ﺽﺎﻳﺮﻟﺍ,SA,24.780366,46.731453,Coffee Shop,6.7,27,11,3,0.8982471985222349,False,,,1.0,Mon-Thu 6:00-17:00; Sun 6:00-17:00,,,{},,,,Asia/Riyadh
An Nuzhah,5e6ce883b91e8f0007688890,Hayat Mall,12464 ﺽﺎﻳﺮﻟﺍ,ﺽﺎﻳﺮﻟﺍ,ﺽﺎﻳﺮﻟﺍ,SA,24.752437,46.69504,Shopping Mall,,0,0,0,0.8971786989907036,False,,,,,,,{},,,,Asia/Riyadh
An Nuzhah,559c4adb498eaa4e8c733b60,Tous (ﺱﻮﺗ),"Al imam saud ibn abdul aziz branch Rd, al mughrizat, nakheel mall, 12483 ﺽﺎﻳﺮﻟﺍ",ﺽﺎﻳﺮﻟﺍ,‎ﺽﺎﻳﺮﻟﺍ ﺔﻘﻄﻨﻣ,SA,24.767891,46.715773,Fashion Accessories Store,8.2,25,42,2,0.8866110430582199,True,https://www.jackjones.com,054 460 6591,,Mon-Thu 10:00-23:00; Fri 13:00-23:00; Sat-Sun 10:00-23:00,Day 1: 1500 - 1600; Day 1: 1900 - 2300; Day 2: 1700 - 2300; Day 3: 1400 - +0000; Day 4: 0700 - 0800; Day 4: 1100 - 2300; Day 5: 1500 - +0000; Day 6: 1300 - 2300; Day 7: 1600 - 2300,,{},"Tres generaciones y más de 100 años de oficio y esfuerzo avalan la trayectoria de TOUS, una firma de joyería y accesorios que refleja ternura, diversión y juventud de espíritu en cada uno de sus artículos y cuyos orígenes se remontan a 1920.",,,Asia/Riyadh
An Nuzhah,54428e3e498e85f5d8c60ba0,Hayat Mall,,,,SA,24.746983,46.703815,,,0,0,0,0.8863674749453749,False,,,,,,,{},,,,Asia/Riyadh
An Nuzhah,56671035498e2934c44c1168,Al Nakheel Mall Car Parking (ﻝﻮﻣ ﻞﻴﺨﻨﻟﺍ ﺕﺍﺭﺎﻴﺳ ﻒﻗﺍﻮﻣ),"ﺽﺎﻳﺮﻟﺍ ,ﻥﺎﻔﻋ ﻦﺑ ﻥﺎﻤﺜﻋ ﻖﻳﺮﻃ",ﺽﺎﻳﺮﻟﺍ,‎ﺽﺎﻳﺮﻟﺍ ﺔﻘﻄﻨﻣ,SA,24.767852,46.715109,Shopping Mall,,0,0,0,0.8712573626018052,False,,011 293 4141,,,,,{},,,,Asia/Riyadh
An Nuzhah,4ee3998bb8f790fe3ef23e1b,Tawunia For Insurance - Qurnata Mall,,,,SA,24.783256,46.731806,Office,,0,0,0,0.8637298634062912,False,,,,,,,{},,,,Asia/Riyadh
An Nuzhah,4f744e56e4b006a67db26d3a,Topshop Granada Mall,ﺽﺎﻳﺮﻟﺍ,ﺽﺎﻳﺮﻟﺍ,‎ﺽﺎﻳﺮﻟﺍ ﺔﻘﻄﻨﻣ,SA,24.79104,46.730676,Clothing Store,7.5,10,2,1,0.8629547123318357,False,,,,,,,{},,,,Asia/Riyadh
An Nuzhah,5e6a381a14baf1000b0604c4,Whites Pharmacy Granada Mall,13241 ﺽﺎﻳﺮﻟﺍ,ﺽﺎﻳﺮﻟﺍ,‎ﺽﺎﻳﺮﻟﺍ ﺔﻘﻄﻨﻣ,SA,24.781855,46.731555,Drugstore,,0,0,0,0.8590167315292699,False,,,,,,,{},,,,Asia/Riyadh
An Nuzhah,627259b174b5361284177640,Alhamra Mall,13241 ﺽﺎﻳﺮﻟﺍ,ﺽﺎﻳﺮﻟﺍ,‎ﺽﺎﻳﺮﻟﺍ ﺔﻘﻄﻨﻣ,SA,24.780888,46.730664,Shopping Mall,,0,0,0,0.795653464800852,False,,,,,,,{},,,,Asia/Riyadh
An Nuzhah,73ce73a5283e70c4f9d07f4b,Neuhaus Nakheel Mall,"7735 Othman Bin Affan Rd, Al Mughrazat, 12483 ﺽﺎﻳﺮﻟﺍ",ﺽﺎﻳﺮﻟﺍ,‎ﺽﺎﻳﺮﻟﺍ ﺔﻘﻄﻨﻣ,SA,24.767766,46.715392,,,0,0,0,0.7358068238184724,False,,053 778 8358,,Mon-Thu 10:00-23:00; Fri 14:00-23:00; Sat-Sun 10:00-23:00,,,{},,,,Asia/Riyadh
An Nuzhah,43c6cab716bf47d11c989a70,Desigual Riyadh Al Nakheel Mall,"Al imam saud ibn abdul aziz branch Rd, 12483 ﺽﺎﻳﺮﻟﺍ",ﺽﺎﻳﺮﻟﺍ,‎ﺽﺎﻳﺮﻟﺍ ﺔﻘﻄﻨﻣ,SA,24.768348,46.714959,,,0,0,0,0.585153723480855,False,https://www.desigual.com,,,Mon-Thu 9:30-23:59; Fri 16:00-23:59; Sat-Sun 9:30-23:59,,,{},,,,Asia/Riyadh
An Nuzhah,54dcd856498ee50664112c1a,MAKE UP FOR EVER | Alnakheel Mall,ﺽﺎﻳﺮﻟﺍ,ﺽﺎﻳﺮﻟﺍ,‎ﺽﺎﻳﺮﻟﺍ ﺔﻘﻄﻨﻣ,SA,24.767581,46.715867,Cosmetics Store,,0,0,0,0.5435462450508559,False,,,,,,,{},,,,Asia/Riyadh
An Nuzhah,60c73f10613eb26361cc42f5,Dolby Cinema,12483 ﺽﺎﻳﺮﻟﺍ,ﺽﺎﻳﺮﻟﺍ,‎ﺽﺎﻳﺮﻟﺍ ﺔﻘﻄﻨﻣ,SA,24.764234,46.716243,Movie Theater,,0,0,0,0.5109472310572456,False,,,,,,,{},,,,Asia/Riyadh
An Nuzhah,5f8c9221b294602b1fca042e,Nakheel Mall-Nike Store,12483 ﺽﺎﻳﺮﻟﺍ,ﺽﺎﻳﺮﻟﺍ,‎ﺽﺎﻳﺮﻟﺍ ﺔﻘﻄﻨﻣ,SA,24.766639,46.716214,Retail,7.3,1,9,0,0.3986214400386864,False,,,,,,,{},,,,Asia/Riyadh
An Nuzhah,dadf031a0adbc12bbba84a3f,Calzedonia Al Nakheel Mall,"Al Mughrizat, 11564 ﺽﺎﻳﺮﻟﺍ",ﺽﺎﻳﺮﻟﺍ,ﺽﺎﻳﺮﻟﺍ,SA,24.76779,46.715328,,,0,0,0,,False,https://www.calzedonia.com/sa/riyadh_sc_al_nakheel_mall/CS87.html,,,Mon-Wed 9:30-23:00; Thu 14:00-23:00; Fri-Sun 9:30-23:00,,,{},,,,
An Nuzhah,f56243e3dfc54179cf59cfe3,Riy-al nakheel mall,"Mugharazat district emam saud road crossing uthman bin affan road s/n, 12483 ﺽﺎﻳﺮﻟﺍ",ﺽﺎﻳﺮﻟﺍ,ﺽﺎﻳﺮﻟﺍ,SA,24.767665,46.718297,,,0,0,0,,False,https://www.zara.com,011 225 0476,,Mon-Thu 9:30-23:30; Fri 14:00-23:30; Sat-Sun 9:30-23:30,,,{},,,,
Al Ghadir,61c5666684d2417d37d52855,Riy-tala mall,"4727 Tanmar, 13312 ﺽﺎﻳﺮﻟﺍ",ﺽﺎﻳﺮﻟﺍ,ﺽﺎﻳﺮﻟﺍ,SA,24.771943,46.665872,,,0,0,0,,False,http://lefties.com,,,,,,{},,,,
King Salman Neighborhood,5dfbcb329dad480008859539,Granada Mall,"Eastern Ring Rd, 12482 ﺽﺎﻳﺮﻟﺍ",ﺽﺎﻳﺮﻟﺍ,‎ﺽﺎﻳﺮﻟﺍ ﺔﻘﻄﻨﻣ,SA,24.76373,46.737485,Shopping Mall,,0,0,0,0.9391097496582046,False,,,,,,,{},,,,Asia/Riyadh
King Salman Neighborhood,5299a30111d2662ac59ddfaf,Grnada Mall Upper Deck Parking,,,,SA,24.753856,46.732116,Parking,,0,0,0,0.6632537499711096,False,,,,,,,{},,,,Asia/Riyadh
Al Wizarat,619941452f92724bf028c8b7,The View Mall (ﻮﻴﻓ ﺍﺫ),"Makkah Rd, 12411 ﺽﺎﻳﺮﻟﺍ",ﺽﺎﻳﺮﻟﺍ,‎ﺽﺎﻳﺮﻟﺍ ﺔﻘﻄﻨﻣ,SA,24.69537,46.727982,Shopping Mall,9.3,302,1643,32,0.9995982015072776,True,,,,Open Daily 9:00-23:00,Day 1: 1700 - +0000; Day 2: 1700 - +0000; Day 3: 1700 - +0000; Day 4: 1600 - +0100; Day 5: 1500 - +0100; Day 6: 1500 - +0000; Day 7: 1800 - +0000,,{'instagram': 'theviewruh'},,,,Asia/Riyadh
Al Wizarat,4e5eacd788771c946894a831,Marina Mall,ﺽﺎﻳﺮﻟﺍ,ﺽﺎﻳﺮﻟﺍ,‎ﺽﺎﻳﺮﻟﺍ ﺔﻘﻄﻨﻣ,SA,24.689927,46.686802,Shopping Mall,,0,0,0,0.9782868805680648,False,http://www.alfaisaliahmall.com,011 273 4003,,Mon-Thu 9:30-23:00; Fri 16:00-23:00; Sat-Sun 9:30-23:00,,,{},,,,Asia/Riyadh
Al Wizarat,5317395811d216afb2e3be67,Al Faisaliah Mall,"Olaya St, 11391 ﺽﺎﻳﺮﻟﺍ",ﺽﺎﻳﺮﻟﺍ,‎ﺽﺎﻳﺮﻟﺍ ﺔﻘﻄﻨﻣ,SA,24.690113,46.686745,Japanese Restaurant,,0,0,0,0.9639216955185244,False,http://www.pizzahut-me.com,9200 00910,2.0,Mon-Wed 00:00-23:59; Thu-Sat 00:00-2:00; Sun 00:00-23:59,,,{},,,,Asia/Riyadh
Al Wizarat,6059ec80753eb4189bc4daba,Piaget Boutique Riyadh Faisaliah Mall - Mode District,"Faisaliah Mall, Olaya St, 12212 ﺽﺎﻳﺮﻟﺍ",ﺽﺎﻳﺮﻟﺍ,‎ﺽﺎﻳﺮﻟﺍ ﺔﻘﻄﻨﻣ,SA,24.689605,46.686545,Jewelry Store,,0,0,0,0.9157947698636908,False,https://www.piaget.com/gb-en/boutiques/middle-east-africa/saudi-arabia/riyadh/piaget-boutique-riyadh-kingdom-center,056 225 2975,,Mon-Thu 10:00-22:30; Fri 17:00-22:30; Sat-Sun 10:00-22:30,,,{'facebook_id': '103295095190220'},,,,Asia/Riyadh
Al Wizarat,50f83214e4b00262f66cbb2f,Lasenza Faisaliah Mall,,,,SA,24.690697,46.686445,Lingerie Store,,0,0,0,0.9048413162634162,False,,,,,,,{},,,,Asia/Riyadh
Al Wizarat,5f625a6bd695df157aa5b37d,Bottega Veneta Faisaliyah Mall,"Faisaliyah Mall, Olaya St, ﺽﺎﻳﺮﻟﺍ",ﺽﺎﻳﺮﻟﺍ,‎ﺽﺎﻳﺮﻟﺍ ﺔﻘﻄﻨﻣ,SA,24.690202,46.686596,Leather Goods Store,,0,0,0,0.8978258434657076,False,,011 810 9437,,Mon-Thu 10:00-23:00; Fri 16:30-23:00; Sat-Sun 10:00-23:00,,,"{'facebook_id': '107302194456196', 'twitter': 'bottegaveneta'}","Upmarket Italian brand specializing in leather handbags, plus ready-to-wear women's & men's fashion.",,,Asia/Riyadh
Al Wizarat,507d4f20e4b01aa9e4ec4bfa,On Time Plus - Faisaliah Mall,ﺽﺎﻳﺮﻟﺍ,ﺽﺎﻳﺮﻟﺍ,‎ﺽﺎﻳﺮﻟﺍ ﺔﻘﻄﻨﻣ,SA,24.690056,46.686456,Jewelry Store,,0,0,0,0.8835086608909615,False,,,,,,,{},,,,Asia/Riyadh
Al Wizarat,5db3230a0b9d88000737127f,The Luna Cinema,12836 ﺽﺎﻳﺮﻟﺍ,ﺽﺎﻳﺮﻟﺍ,‎ﺽﺎﻳﺮﻟﺍ ﺔﻘﻄﻨﻣ,SA,24.665718,46.73653,Movie Theater,,0,0,0,0.8823121547599787,False,,,,,,,{},,,,Asia/Riyadh
Al Wizarat,50ee6336e4b03df119472d2d,Replay - Faisaliah Mall,,,,SA,24.690113,46.686745,Clothing Store,,0,0,0,0.8770816628768416,False,,,,,,,{},,,,Asia/Riyadh
Al Wizarat,4fcda4d4e4b0b62703dc522b,Okaidi - Faisaliah Mall,,,,SA,24.690374,46.686605,Children's Clothing Store,,0,0,0,0.8635965231985293,False,,,,,,,{},,,,Asia/Riyadh
Al Wizarat,4fd2538ce4b05f693d122456,Stradivarius Faisaliah Mall,,,,SA,24.690048,46.686213,Women's Store,,0,0,0,0.8005532729687397,False,,,,,,,{},,,,Asia/Riyadh
Al Wizarat,505866dbe4b01987c82f176a,Women'secret Faisaliah Mall,,,,SA,24.690215,46.68653,Lingerie Store,,0,0,0,0.7489737248675932,False,,,,,,,{},,,,Asia/Riyadh
Al Wizarat,521f248c11d2e44da9d94a82,Moayad's Cinema,,,,SA,24.681005,46.684413,Indie Movie Theater,,0,0,0,0.7405039548705622,False,,,,,,,{},,,,Asia/Riyadh
Al Wizarat,5856f5d476b8b203e0f57c7f,Gemma Mall,,,,SA,24.692168,46.680659,Shopping Mall,,0,0,0,0.7334191451648174,False,,,,,,,{},,,,Asia/Riyadh
Al Wizarat,503cba52e4b0d8e0e7d741fa,Tommy Hilfiger - Faisaliah Mall,ﺽﺎﻳﺮﻟﺍ,ﺽﺎﻳﺮﻟﺍ,‎ﺽﺎﻳﺮﻟﺍ ﺔﻘﻄﻨﻣ,SA,24.690457,46.684493,Clothing Store,,0,0,0,0.6456492868076754,False,,,,,,,{},,,,Asia/Riyadh
Al Wizarat,5d472f1b735c2d0007fd4db2,Panorama Mall,12212 ﺽﺎﻳﺮﻟﺍ,ﺽﺎﻳﺮﻟﺍ,‎ﺽﺎﻳﺮﻟﺍ ﺔﻘﻄﻨﻣ,SA,24.693184,46.685077,Shopping Mall,,0,0,0,0.4708296072153053,False,,,,,,,{},,,,Asia/Riyadh
Al Wizarat,5152be2de4b0e80399deabbb,Pastalita (faisaliah mall),,,,SA,24.690107,46.684783,Fast Food Restaurant,,0,0,0,0.468393926086856,False,,,1.0,,,,{},,,,Asia/Riyadh
Al Wizarat,d309b61c38ae4d7c00b24b78,Miu Miu Riyadh Centria Mall Leat. Goods & Shoes,"Ground Floor, Unit: GS 04, Centria Mall, 11672 ﺽﺎﻳﺮﻟﺍ",ﺽﺎﻳﺮﻟﺍ,‎ﺽﺎﻳﺮﻟﺍ ﺔﻘﻄﻨﻣ,SA,24.697652,46.683737,,,0,0,0,0.4509832506920356,False,,011 288 4179,,Mon-Thu 10:00-22:30; Fri 15:00-23:00; Sat-Sun 10:00-22:30,,,{},,,,Asia/Riyadh
Al Wizarat,502a3121e4b0917e85baa69e,IKKS - Faisaliah Mall,,,,SA,24.690056,46.686456,Children's Clothing Store,,0,0,0,0.3568006172762684,False,,,,,,,{},,,,Asia/Riyadh
Al Wizarat,502a318fe4b067b3605b1fe7,Gerry Weber - Faisaliah Mall,,,,SA,24.693419,46.693599,Women's Store,,0,0,0,0.3351070544081383,False,,,,,,,{},,,,Asia/Riyadh
Al Wizarat,509816ace4b0ad3a971674f4,Zamandhar Cinema,,,,SA,24.685999,46.722539,Movie Theater,,0,0,0,0.2751359625651811,False,,,,,,,{},,,,Asia/Riyadh
Al Wizarat,50ddf7aee4b028f64cd7948b,Courir - Al Sawani Faisaliah Mall,"Olaya St, ﺽﺎﻳﺮﻟﺍ",ﺽﺎﻳﺮﻟﺍ,‎ﺽﺎﻳﺮﻟﺍ ﺔﻘﻄﻨﻣ,SA,24.693481,46.69358,Department Store,,0,0,0,0.1546781967425876,False,,,,,,,{},,,,Asia/Riyadh
Al Wizarat,62f3eee3d4b57c500161bfee,Optifashion Boutique - MODE MALL,12212 ﺽﺎﻳﺮﻟﺍ,ﺽﺎﻳﺮﻟﺍ,‎ﺽﺎﻳﺮﻟﺍ ﺔﻘﻄﻨﻣ,SA,24.689996,46.685547,Eyecare Store,,0,0,0,0.1497748328358262,False,,,,,,,{},,,,Asia/Riyadh
Al Wizarat,4fd4cf58e4b0ba0232b4c45f,Centerpoint Otheaim Mall Rabwah,,,,SA,24.694794,46.69398,Men's Store,,0,0,0,0.1415646317765715,False,,,,,,,{},,,,Asia/Riyadh
Al Wizarat,102bcfb3da7f41fce36c1c40,Prada Riyadh Centria Mall,"Ground Floor, Unit: GS 15, GS 25 Centria Mall, 11672 ﺽﺎﻳﺮﻟﺍ",ﺽﺎﻳﺮﻟﺍ,‎ﺽﺎﻳﺮﻟﺍ ﺔﻘﻄﻨﻣ,SA,24.697403,46.683944,,,0,0,0,0.0900953115805081,False,,011 416 8861,,Mon-Thu 10:00-22:30; Fri 16:30-22:30; Sat-Sun 10:00-22:30,,,{},,,,Asia/Riyadh
Al Wizarat,55f3052129024854e8eb9b7f,"Riyadh Avenue Mall: Address, Phone Number",ﺽﺎﻳﺮﻟﺍ,ﺽﺎﻳﺮﻟﺍ,ﺽﺎﻳﺮﻟﺍ,SA,24.663311,46.703953,Shopping Mall,,0,0,0,,False,,,,,,,{},,,,
Qurtubah,5b8832e7c9a5170039789f3d,VOX Cinemas (ﺎﻤﻨﻴﺳ ﺲﻛﻮﭬ),"Riyadh Front (Roshn Front), 13413 ﺽﺎﻳﺮﻟﺍ",ﺽﺎﻳﺮﻟﺍ,‎ﺽﺎﻳﺮﻟﺍ ﺔﻘﻄﻨﻣ,SA,24.838434,46.731608,Movie Theater,9.4,2447,35848,223,0.999605312985025,False,https://ksa.voxcinemas.com,9200 06883,,Open Daily 0:00-24:00,Day 1: 2000 - +0300; Day 2: 2000 - +0200; Day 3: 2000 - +0300; Day 4: 2000 - +0400; Day 5: 1800 - +0400; Day 6: 1800 - +0300; Day 7: 2000 - +0300,,"{'instagram': 'vox_cinema_ksa', 'twitter': 'vox_cinema_ksa'}",,,,Asia/Riyadh
Qurtubah,5de133e7e837c900085babf3,Vox Cinema Gold,"Riyadh front (Airport Road), 13413 ﺽﺎﻳﺮﻟﺍ",ﺽﺎﻳﺮﻟﺍ,‎ﺽﺎﻳﺮﻟﺍ ﺔﻘﻄﻨﻣ,SA,24.838057,46.73203,Movie Theater,9.3,604,5483,79,0.9478924246761168,False,https://ksa.voxcinemas.com/ar,,,Open Daily 0:00-24:00,Day 1: 1800 - +0300; Day 2: 1800 - +0300; Day 3: 1800 - +0300; Day 4: 2000 - +0300; Day 5: 1500 - 1600; Day 5: 1800 - +0400; Day 6: 1400 - 1500; Day 6: 1800 - +0300; Day 7: 2000 - +0300,,"{'instagram': 'vox_cinemas_ksa', 'twitter': 'vox_cinemas_ksa'}",,,,Asia/Riyadh
Qurtubah,53142ebf498e34de94938612,PNU mall and food court,A4,,,SA,24.855557,46.71782,Food Court,,0,0,0,0.8882822403288347,False,,,,,,,{},,,,Asia/Riyadh
Qurtubah,5ad57dfe4186838cad89bc5b,Sunglass Hut Park Avenue Mall,"ﺽﺎﻳﺮﻟﺍ ,،ﺔﺒﻃﺮﻗ ﻲﺣ ،ﺪﻳﺯ ﻦﺑ ﺪﻴﻌﺳ ﻖﻳﺮﻃ",ﺽﺎﻳﺮﻟﺍ,ﺽﺎﻳﺮﻟﺍ,SA,24.797045,46.731172,,,0,0,0,,False,,,,,,,{},,,,
Al Mughrizat,35a6494c9c32a88ab6a24fc2,Riy-al hamra mall,"Ash shainkh hasan ibn hussain ibn ali king faisal, 13215 ﺽﺎﻳﺮﻟﺍ",ﺽﺎﻳﺮﻟﺍ,ﺽﺎﻳﺮﻟﺍ,SA,24.776169,46.752651,,,0,0,0,,False,https://www.zara.com,011 810 6865,,Mon-Thu 9:30-23:30; Fri 14:00-23:30; Sat-Sun 9:30-23:30,,,{},,,,Asia/Riyadh
Al Qirawan,60019d02b50b926ccc33f71f,Muvi Drive-in Cinema,"King Fahad Rd, 13337 ﺽﺎﻳﺮﻟﺍ",ﺽﺎﻳﺮﻟﺍ,‎ﺽﺎﻳﺮﻟﺍ ﺔﻘﻄﻨﻣ,SA,24.869987,46.593042,Drive-in Theater,8.1,54,738,6,0.4630994309039932,False,,,,,Day 1: 1900 - +0200; Day 2: 2000 - +0200; Day 3: 1900 - +0200; Day 4: 1800 - +0300; Day 5: 1800 - +0400; Day 6: 2000 - +0300; Day 7: 1900 - +0200,,{},,,,Asia/Riyadh
Al Mughrizat,b575926858784da1be1a60bd,Steak House (Granada Mall),"Food Court Section, Granada Mall, Exit 9, ﺽﺎﻳﺮﻟﺍ",ﺽﺎﻳﺮﻟﺍ,ﺽﺎﻳﺮﻟﺍ,SA,24.781156,46.729864,Restaurant,,0,0,0,,False,,,,,,,{},,,,
Al Morooj,5f3a09819e84c4203dff01da,AMC Cinemas,"Imam Saud Bin Abdulaziz Bin Muhammad Rd, 12262 ﺽﺎﻳﺮﻟﺍ",ﺽﺎﻳﺮﻟﺍ,‎ﺽﺎﻳﺮﻟﺍ ﺔﻘﻄﻨﻣ,SA,24.743135,46.658373,Movie Theater,9.2,405,7759,55,0.9994044137386638,False,https://www.amccinemas.com,,,,,,{},,,,Asia/Riyadh
Al Morooj,60ab74e8339c3105925f9953,VOX Cinemas,"Turki Al Awwal Road @ The Esplanade (Prince Turki Ibn Abdulaziz Al Awal Road), ﺽﺎﻳﺮﻟﺍ",ﺽﺎﻳﺮﻟﺍ,‎ﺽﺎﻳﺮﻟﺍ ﺔﻘﻄﻨﻣ,SA,24.724162,46.641262,Movie Theater,9.2,386,7913,27,0.9986470413585768,False,http://ksa.voxcinemas.com,,,Open Daily 0:00-24:00,Day 1: 2000 - +0200; Day 2: 2000 - +0200; Day 3: 2000 - +0300; Day 4: 1900 - +0400; Day 5: 1800 - +0400; Day 6: 1800 - +0200; Day 7: 2000 - +0200,,"{'facebook_id': '149531689094703', 'instagram': 'voxcinemasksa', 'twitter': 'vox_cinemas_ksa'}",,,,Asia/Riyadh
Al Morooj,612e53c76a92f97d4c1e3a5c,VOX Cinemas Gold,"Turki Al Awwal Rd (The Esplanade), 12371 ﺽﺎﻳﺮﻟﺍ",ﺽﺎﻳﺮﻟﺍ,‎ﺽﺎﻳﺮﻟﺍ ﺔﻘﻄﻨﻣ,SA,24.725576,46.642667,Movie Theater,9.0,81,952,14,0.9610842158973528,False,http://ksa.voxcinemas.com,,,,Day 1: 1900 - +0200; Day 2: 1900 - +0100; Day 3: 1900 - +0200; Day 4: 1800 - +0300; Day 5: 1400 - +0300; Day 6: 1600 - +0200; Day 7: 1900 - +0200,,"{'facebook_id': '149531689094703', 'instagram': 'voxcinemasksa', 'twitter': 'vox_cinemas_ksa'}",,,,Asia/Riyadh
Al ‘Aqiq,3be0105e5a8b493e7287cb8e,Marina Mall,"Gulf road s/n, 32416 ﻡﺎﻣﺪﻟﺍ",ﻡﺎﻣﺪﻟﺍ,ﺔﻴﻗﺮﺸﻟﺍ,SA,24.744834,46.660867,Shopping Mall,,0,0,0,,False,,013 835 6452,,,,,{},,,,
Al Wurud,517d6f47e4b0b45dace700ce,Emirates Mall,,,ﺔﻴﻗﺮﺸﻟﺍ,SA,24.696852,46.679054,Bank,,0,0,0,0.882974988124006,False,,011 201 2920,,,,,{},,,,Asia/Riyadh
Al Wurud,50477eb0e4b008d1e2476b88,Nokia store Localizer Mall,,,,SA,24.700067,46.691767,Mobile Phone Store,,0,0,0,0.3955226136103016,False,,,,,,,{},,,,Asia/Riyadh
Al Wurud,5e2bb6c41215ef39635db180,Gucci Kingdom Mall,"2239 al urubah Rd, Kingdom Mall, 12214 ﺽﺎﻳﺮﻟﺍ",ﺽﺎﻳﺮﻟﺍ,ﺽﺎﻳﺮﻟﺍ,SA,24.711633,46.675094,,,0,0,0,,False,https://www.gucci.com/global/store/riyadh-kingdom-centre-olaya-street,800 891 2036,,Mon-Thu 10:00-23:00; Fri 16:00-23:00; Sat-Sun 10:00-23:00,,,{},,,,
Al Murabba,5135ad1be4b02462c966cacb,Alwan Mall,"Al Kharej Sreet (Old Sanaya), ﺽﺎﻳﺮﻟﺍ",ﺽﺎﻳﺮﻟﺍ,‎ﺽﺎﻳﺮﻟﺍ ﺔﻘﻄﻨﻣ,SA,24.622275,46.743114,Shopping Mall,6.4,41,5,2,0.9196296342389207,False,,011 446 6931,,,Day 1: 1500 - +0100; Day 2: 1600 - 2300; Day 3: 1600 - +0000; Day 4: 1700 - +0000; Day 5: 1600 - +0000; Day 6: 1600 - 2300; Day 7: 1700 - +0000,,{},,,,Asia/Riyadh
Al Murabba,50d485c9e4b0dc8574ca691f,Al Qasr Mall Parking Area,,,,SA,24.631955,46.72357,Parking,,0,0,0,0.6847233012901999,False,,,,,,,{},,,,Asia/Riyadh
Al Murabba,63206b3d1c4fbe3d2944e18b,//Maps.App.Goo.Gl/Ew2Fm3Xgnckcp5As8?G_St=Ic (Trieste Mode Mall ﻲﺘﺴﻳﺮﺗ Https),12665 ﺽﺎﻳﺮﻟﺍ,ﺽﺎﻳﺮﻟﺍ,‎ﺽﺎﻳﺮﻟﺍ ﺔﻘﻄﻨﻣ,SA,24.620434,46.731804,Coffee Shop,,0,0,0,0.5676239308337674,False,,,1.0,,,,{},,,,Asia/Riyadh
Al Murabba,b265ea240344ac76723c10dc,Cafe Bateel Riyadh Park Mall,"Riyadh Park Mall Gate 2, ﺽﺎﻳﺮﻟﺍ",ﺽﺎﻳﺮﻟﺍ,‎ﺽﺎﻳﺮﻟﺍ ﺔﻘﻄﻨﻣ,SA,24.651539,46.730778,Restaurant,,0,0,0,0.1113195169173166,False,,054 840 6328,,Open Daily 8:00-23:59,,,{},,,,Asia/Riyadh
Al Nafil,58452cbe55d622400f434492,Mallbs-ﺲﺒﻠﻣ,,,,SA,24.825728,46.593107,Coworking Space,,0,0,0,0.8676056187785681,False,,,,,,,{},,,,Asia/Riyadh
Al Khair,5783d34b498ef0fbcf11c14c,Bonita Cinema,,,,SA,25.010736,46.494782,Arts and Entertainment,,0,0,0,0.1650022845622263,False,,,,,,,{},,,,Asia/Riyadh
Al Malaz,616aed55ceee8570fd472585,Muvi Cinemas,"Makkah Rd, 12411 ﺽﺎﻳﺮﻟﺍ",ﺽﺎﻳﺮﻟﺍ,‎ﺽﺎﻳﺮﻟﺍ ﺔﻘﻄﻨﻣ,SA,24.695378,46.729075,Movie Theater,9.2,245,5143,26,0.9991786243201872,False,https://www.muvicinemas.com/ar,,,"Open Daily 0:00-4:00, 9:00-24:00",Day 1: 1900 - +0300; Day 2: 2000 - +0200; Day 3: 1900 - +0300; Day 4: 1900 - +0400; Day 5: 1800 - +0400; Day 6: 1800 - +0300; Day 7: 2000 - +0300,,"{'instagram': 'muvi_cinemas', 'twitter': 'muvicinemas'}",,,,Asia/Riyadh
Al Malaz,4cb0836eb4b0a35d8ccd49ce,Al-Othaim Mall (ﻝﻮﻣ ﻢﻴﺜﻌﻟﺍ),"ﺽﺎﻳﺮﻟﺍ ,(South Ring Road) ﻲﻗﺮﺸﻟﺍ ﻢﻴﺴﻨﻟﺍ ،ﻲﻋﺮﻔﻟﺍ ﺺﻳﺮﺧ ﻖﻳﺮﻃ",ﺽﺎﻳﺮﻟﺍ,‎ﺽﺎﻳﺮﻟﺍ ﺔﻘﻄﻨﻣ,SA,24.685257,46.775562,Shopping Mall,7.5,2327,2035,112,0.999007948854252,False,http://www.othaimmalls.com/ar,011 493 3294,,,Day 1: 1600 - +0000; Day 2: 1600 - 2300; Day 3: 1600 - +0000; Day 4: 1600 - +0000; Day 5: 1600 - +0000; Day 6: 1600 - +0000; Day 7: 1600 - +0000,,"{'facebook_id': '364031383620726', 'twitter': 'othaimmalls'}",,,,Asia/Riyadh
Al Malaz,4bf558076a31d13a3abe962e,Remal Center Mall (ﺮﺘﻨﺳ ﻝﺎﻣﺮﻟﺍ),"East Ring Rd (Exit 16), ﺽﺎﻳﺮﻟﺍ",ﺽﺎﻳﺮﻟﺍ,‎ﺽﺎﻳﺮﻟﺍ ﺔﻘﻄﻨﻣ,SA,24.658959,46.783201,Retail,5.9,423,168,52,0.9957028895711956,False,,011 244 1004,,,Day 1: 1600 - 2300; Day 2: 1700 - 2300; Day 3: 1700 - 2300; Day 4: 1700 - +0000; Day 5: 1400 - +0000; Day 6: 1100 - 1400; Day 6: 1600 - 2300; Day 7: 1600 - +0000,,{'twitter': 'rimalcenter'},,,,Asia/Riyadh
Al Malaz,4f69b030e4b039c9e5e4c134,Al Othaim Mall Food Court (ﻝﻮﻣ ﻢﻴﺜﻌﻟﺍ ﻢﻋﺎﻄﻣ ﺔﻟﺎﺻ),Ext15 ١٥ﺝﺮﺨﻣ,,,SA,24.685063,46.775375,Food Court,7.8,70,72,5,0.9920689244423267,False,,,,,Day 1: 1300 - 1400; Day 1: 1700 - +0000; Day 2: 1300 - +0000; Day 3: 1300 - +0000; Day 4: 1300 - +0000; Day 5: 1300 - +0100; Day 6: 1300 - +0000; Day 7: 1200 - 1500; Day 7: 1700 - +0000,,{},,,,Asia/Riyadh
Al Malaz,638d6ca39320d5336fc22d0f,Empire Cinemas (ﺎﻤﻨﻴﺳ ﺮﻳﺎﺒﻣﺍ),ﺽﺎﻳﺮﻟﺍ,ﺽﺎﻳﺮﻟﺍ,‎ﺽﺎﻳﺮﻟﺍ ﺔﻘﻄﻨﻣ,SA,24.682865,46.776076,Movie Theater,8.5,22,315,4,0.9912457708930772,False,http://ksa.empirecinemas.com,,,,Day 1: 2100 - +0100; Day 2: 1900 - +0200; Day 3: 1800 - +0200; Day 4: 1900 - +0300; Day 5: 1500 - +0300; Day 6: 1500 - 1600; Day 6: 1800 - +0100; Day 7: 2000 - +0000,,{},,,,Asia/Riyadh
Al Malaz,5039edd0e4b00145165c83dd,Daiso Japan - Othaim Mall,ﺽﺎﻳﺮﻟﺍ,ﺽﺎﻳﺮﻟﺍ,‎ﺽﺎﻳﺮﻟﺍ ﺔﻘﻄﻨﻣ,SA,24.684091,46.775301,Discount Store,6.8,49,45,5,0.970947835532854,False,,011 207 8292,,,Day 1: 1500 - 1700; Day 1: 1900 - 2300; Day 2: 1700 - 2300; Day 3: 1500 - 2300; Day 4: 1100 - 2300; Day 5: 1500 - +0000; Day 6: 1000 - 1200; Day 6: 1400 - +0000; Day 7: 1200 - 1300; Day 7: 1600 - 2300,,{},,,,Asia/Riyadh
Al Malaz,5152ee3de4b02c28c58693f9,Panorama mall,,,ﺽﺎﻳﺮﻟﺍ,SA,24.684692,46.775487,Shopping Mall,,0,0,0,0.9497025838032096,False,,,,,,,{},,,,Asia/Riyadh
Al Malaz,4fd4cd47e4b02119799c02bc,Othaim Mall exit 15,,,,SA,24.679849,46.753471,Miscellaneous Store,,0,0,0,0.9305190845394696,False,,,,,,,{},,,,Asia/Riyadh
Al Malaz,571268d1498eb520f6a92eb1,H&M | Al Othaim Mall,,,,SA,24.686151,46.775169,Clothing Store,,0,0,0,0.9034848018831192,False,,,,,,,{},,,,Asia/Riyadh
Al Malaz,50ed8d10e4b0ee638c548c2b,Shoe Arena - Othaim Mall,,,,SA,24.682889,46.775787,Sporting Goods Retail,,0,0,0,0.8768025373752603,False,,,,,,,{},,,,Asia/Riyadh
Al Malaz,501e94d8e4b0125d27a00b9e,Redtag - Othaim Mall,,,,SA,24.683116,46.776944,Department Store,,0,0,0,0.7317515036330762,False,,,,,,,{},,,,Asia/Riyadh
Al Malaz,640036817718775a5ef9b225,Malla Bakery,ﺽﺎﻳﺮﻟﺍ,ﺽﺎﻳﺮﻟﺍ,‎ﺽﺎﻳﺮﻟﺍ ﺔﻘﻄﻨﻣ,SA,24.649458,46.723543,Bakery,,0,0,0,0.5157777023170972,False,,,1.0,,,,{'instagram': 'malla'},,,,Asia/Riyadh
Al Malaz,50d07ca5e4b0774a68ca1c30,ICONIC - Al Othaim Mall,,,,SA,24.682854,46.775675,Clothing Store,,0,0,0,0.4468443706431087,False,,,,,,,{},,,,Asia/Riyadh
Al Malaz,5039f499e4b054a090c9f43d,Manuel's Cafe - Othaim Mall,,,,SA,24.683088,46.775666,Café,,0,0,0,0.365375281570072,False,,,1.0,,,,{},,,,Asia/Riyadh
Al Malaz,53dfe842498e5dfef163a143,Cone Zone Othaim Mall,Othaim mall,,,SA,24.68407,46.775124,Ice Cream Parlor,,0,0,0,0.3060353333771874,False,,,1.0,,,,{},,,,Asia/Riyadh
Al Malaz,4ff955abe4b0903669287266,Citymax Othaim Mall,,,,SA,24.683012,46.77575,Boutique,,0,0,0,0.2365010818335523,False,,,,,,,{},,,,Asia/Riyadh
Al Malaz,61196d08e3985b1cc0cb00b7,East Mall,12839 ﺽﺎﻳﺮﻟﺍ,ﺽﺎﻳﺮﻟﺍ,‎ﺽﺎﻳﺮﻟﺍ ﺔﻘﻄﻨﻣ,SA,24.680149,46.776258,Shopping Mall,,0,0,0,0.2272312705899504,False,,,,,,,{},,,,Asia/Riyadh
Al Malaz,60d8c1fd25a538122053b53b,"Blueage, Othiam Mall","Otahim Mall, Rabwa (Eastern Ring), 12839 ﺽﺎﻳﺮﻟﺍ",ﺽﺎﻳﺮﻟﺍ,‎ﺽﺎﻳﺮﻟﺍ ﺔﻘﻄﻨﻣ,SA,24.684654,46.775116,Men's Store,,0,0,0,0.2271939353317771,False,,,,,,,{},,,,Asia/Riyadh
Al Malaz,57716a4b498e8a8a979d018e,Al Hukaier Mall (Sky Zone Trampoline Park),,,,SA,24.692454,46.764804,Coffee Shop,,0,0,0,0.1779807314510437,False,http://www.skyzone.com,9200 06699,1.0,Open Daily 10:00-23:59,,,{'twitter': 'skyzone'},,,,Asia/Riyadh
Al Malaz,50acc09ae4b0b6ca688be2b9,Car Parking Area - Othaim Mall,,,,SA,24.683212,46.775628,Parking,,0,0,0,0.0647268925864622,False,,,,,,,{},,,,Asia/Riyadh
Al Malaz,54ec4372498ee2e7baafb7ed,Alothaim Mall - Food Court,,,,SA,24.685257,46.775562,,,0,0,0,0.0186249602201713,False,,,,,,,{},,,,Asia/Riyadh
Al Malaz,50719564e4b0df2cc7bb64b5,Skating Rink - Othaim Mall,,,,SA,24.683128,46.77547,Ski Resort and Area,,0,0,0,0.0130531174051639,False,,,,,,,{},,,,Asia/Riyadh
Al Malaz,ed840427620d42c55c1d091f,Riy-al othaim mall,"Eastern ring branch s/n, 12839 ﺽﺎﻳﺮﻟﺍ",ﺽﺎﻳﺮﻟﺍ,ﺽﺎﻳﺮﻟﺍ,SA,24.685987,46.775403,,,0,0,0,,False,https://www.stradivarius.com/sa,011 435 0000,,Mon-Thu 9:30-23:30; Fri 14:00-23:30; Sat-Sun 9:30-23:30,,,{},,,,
